순번,금융회사 명,금융 상품명,가입 방법,대출종류 코드,대출종류명,CB 회사명,공시 시작일,공시 제출월,공시 종료일,900점 초과,801~900점,701~800점,601~700점,501~600점,401~500점,301~400점,300점 이하,평균 금리
1,삼성생명보험주식회사,개인신용대출,"영업점,인터넷,스마트폰,모집인,전화(텔레뱅킹)",1,일반신용대출,NICE,20211220,202407,,7.08,7.48,,,,,,,7.27
2,삼성생명보험주식회사,개인신용대출,"영업점,인터넷,스마트폰,모집인,전화(텔레뱅킹)",1,일반신용대출,NICE,20211220,202407,,4.29,3.72,,,,,,,4.03
3,삼성생명보험주식회사,개인신용대출,"영업점,인터넷,스마트폰,모집인,전화(텔레뱅킹)",1,일반신용대출,NICE,20211220,202407,,2.79,3.76,,,,,,,3.24
4,흥국생명보험주식회사,개인신용대출,"영업점,인터넷,스마트폰,모집인",1,일반신용대출,"NICE, KCB",20151120,202407,,,7.65,8.93,,,,,,8.11
5,흥국생명보험주식회사,개인신용대출,"영업점,인터넷,스마트폰,모집인",1,일반신용대출,"NICE, KCB",20151120,202407,,,3.88,3.88,,,,,,3.88
6,흥국생명보험주식회사,개인신용대출,"영업점,인터넷,스마트폰,모집인",1,일반신용대출,"NICE, KCB",20151120,202407,,,3.77,5.05,,,,,,4.23
7,교보생명보험주식회사,개인신용대출,"영업점,인터넷,스마트폰,모집인,전화(텔레뱅킹)",1,일반신용대출,"NICE, KCB",20240716,202407,,7.21,7.54,8.55,9.97,,,,,7.57
8,교보생명보험주식회사,개인신용대출,"영업점,인터넷,스마트폰,모집인,전화(텔레뱅킹)",1,일반신용대출,"NICE, KCB",20240716,202407,,4.67,4.67,4.67,4.67,,,,,4.67
9,교보생명보험주식회사,개인신용대출,"영업점,인터넷,스마트폰,모집인,전화(텔레뱅킹)",1,일반신용대출,"NICE, KCB",20240716,202407,,2.54,2.87,3.88,5.3,,,,,2.9
10,DB손해보험주식회사,One-stop직장인프로미론,"인터넷,스마트폰,전화(텔레뱅킹)",1,일반신용대출,KCB/NICE,20240712,202407,,,13.05,,,,,,,13.05
11,DB손해보험주식회사,One-stop직장인프로미론,"인터넷,스마트폰,전화(텔레뱅킹)",1,일반신용대출,KCB/NICE,20240712,202407,,,3.09,,,,,,,3.09
12,DB손해보험주식회사,One-stop직장인프로미론,"인터넷,스마트폰,전화(텔레뱅킹)",1,일반신용대출,KCB/NICE,20240712,202407,,,9.96,,,,,,,9.96
13,롯데카드㈜,일반신용대출,"인터넷,스마트폰,전화(텔레뱅킹),기타",1,일반신용대출,KCB,20240721,202407,,12.37,15.71,15.97,17.13,,,,,14.9
14,비씨카드㈜,일반신용대출,"인터넷,스마트폰",1,일반신용대출,NICE,20240721,202407,,12.84,13.84,14.33,16.5,,,,,13.48
15,신한카드㈜,일반신용대출,"인터넷,스마트폰,전화(텔레뱅킹),기타",1,일반신용대출,KCB,20240721,202407,,10.97,13.1,14.84,16.68,17.68,,,,14.58
16,한국캐피탈㈜,일반신용대출,"영업점,인터넷,스마트폰,모집인,전화(텔레뱅킹),기타",1,일반신용대출,NICE,20240721,202407,,17.48,18.35,18.9,19.18,19.84,,,,18.78
17,케이비캐피탈㈜,일반신용대출,"영업점,인터넷,스마트폰,모집인,전화(텔레뱅킹),기타",1,일반신용대출,"NICE,KCB",20240721,202407,,13.14,13.57,15.59,16.68,,,,,14.26
18,우리금융캐피탈㈜,일반신용대출,"인터넷,스마트폰,모집인,전화(텔레뱅킹)",1,일반신용대출,NICE,20240721,202407,,11.71,12.87,14.13,15.18,,,,,13.25
19,롯데캐피탈㈜,일반신용대출,"영업점,인터넷,스마트폰,모집인,전화(텔레뱅킹),기타",1,일반신용대출,KCB,20240721,202407,,11.87,12.89,14.88,16.81,17.54,,,,14.88
20,제이비우리캐피탈㈜,일반신용대출,"인터넷,스마트폰,모집인,전화(텔레뱅킹)",1,일반신용대출,KCB,20240721,202407,,15.57,16.52,17.43,18.45,19.33,,,,17.73
21,하나캐피탈㈜,일반신용대출,"영업점,인터넷,스마트폰,모집인,전화(텔레뱅킹)",1,일반신용대출,NICE,20240721,202407,,11.76,12.49,13.5,13.76,,,,,12.93
22,현대캐피탈㈜,일반신용대출,"인터넷,스마트폰,모집인,전화(텔레뱅킹)",1,일반신용대출,KCB,20240721,202407,,13.3,14.86,16.39,17.46,17.82,,,,16.04
23,미래에셋캐피탈㈜,일반신용대출,스마트폰,1,일반신용대출,KCB,20240721,202407,,11.12,12.06,13.36,14.04,,,,,11.74
24,알씨아이파이낸셜서비스코리아㈜,일반신용대출,전화(텔레뱅킹),1,일반신용대출,NICE,20240721,202407,,14.03,16.7,,,,,,,15.56
25,현대커머셜㈜ ,일반신용대출,"인터넷,스마트폰,전화(텔레뱅킹)",1,일반신용대출,KCB,20240721,202407,,11.85,12.66,12.98,,,,,,12.29
26,엔에이치농협캐피탈㈜,일반신용대출,"영업점,인터넷,스마트폰,모집인,전화(텔레뱅킹),기타",1,일반신용대출,KCB,20240721,202407,,12.08,13.85,14.43,14.78,14.93,,,,14.22
27,㈜아이엠캐피탈,일반신용대출,"인터넷,스마트폰,모집인,기타",1,일반신용대출,KCB,20240721,202407,,13.39,13.95,14.74,15.41,16.36,,,,14.67
28,비엔케이캐피탈㈜,일반신용대출,"영업점,인터넷,스마트폰,모집인,전화(텔레뱅킹)",1,일반신용대출,KCB,20240721,202407,,12.54,13.09,13.89,15.6,17.12,,,,14.1
29,㈜케이비국민카드,일반신용대출,"영업점,인터넷,스마트폰,전화(텔레뱅킹)",1,일반신용대출,KCB,20240721,202407,,11.62,12.98,14.46,15.43,16.24,,,,14.14
30,메리츠캐피탈㈜ ,일반신용대출,전화(텔레뱅킹),1,일반신용대출,KCB,20240721,202407,,11.6,19.77,19.73,19.85,19.82,,,,19.68
31,롯데오토리스㈜,일반신용대출,영업점,1,일반신용대출,KCB,20240721,202407,,15,15,,,,,,,15
32,㈜우리카드,일반신용대출,"인터넷,스마트폰,전화(텔레뱅킹)",1,일반신용대출,KCB,20240721,202407,,13.56,16.73,18.48,19.69,,,,,16.2
33,하나카드㈜,일반신용대출,스마트폰,1,일반신용대출,NICE,20240721,202407,,10.56,14.46,16.94,19.59,,,,,15.24
34,한국투자캐피탈㈜,일반신용대출,"인터넷,스마트폰,모집인",1,일반신용대출,KCB,20240721,202407,,13.39,13.68,14.22,15.44,16.43,,,,14.48
35,우리은행,개인신용대출 우대고객,"영업점,인터넷,스마트폰",1,일반신용대출,KCB,20240719,202407,,5.09,5.92,7.32,8.29,8.84,10,11.13,10.52,5.44
36,우리은행,개인신용대출 우대고객,"영업점,인터넷,스마트폰",1,일반신용대출,KCB,20240719,202407,,3.58,3.59,3.61,3.64,3.65,3.54,3.52,3.7,3.58
37,우리은행,개인신용대출 우대고객,"영업점,인터넷,스마트폰",1,일반신용대출,KCB,20240719,202407,,3,3.49,4.27,5.04,5.67,7.3,8.19,7.23,3.21
38,우리은행,개인신용대출 우대고객,"영업점,인터넷,스마트폰",1,일반신용대출,KCB,20240719,202407,,1.49,1.16,0.56,0.39,0.48,0.84,0.58,0.41,1.35
39,우리은행,개인신용대출 퍼펙트,"영업점,인터넷,스마트폰",2,마이너스한도대출,KCB,20240719,202407,,5.37,5.6,6.47,5.69,4.73,,,,5.4
40,우리은행,개인신용대출 퍼펙트,"영업점,인터넷,스마트폰",2,마이너스한도대출,KCB,20240719,202407,,3.58,3.58,3.55,3.43,3.23,,,,3.58
41,우리은행,개인신용대출 퍼펙트,"영업점,인터넷,스마트폰",2,마이너스한도대출,KCB,20240719,202407,,2.89,3.12,3.61,2.72,1.5,,,,2.92
42,우리은행,개인신용대출 퍼펙트,"영업점,인터넷,스마트폰",2,마이너스한도대출,KCB,20240719,202407,,1.1,1.1,0.69,0.46,,,,,1.1
43,한국스탠다드차타드은행,개인신용대출,"영업점,스마트폰",1,일반신용대출,KCB,20240719,202407,,5.4,7.1,8.54,8.96,,,,,6.19
44,한국스탠다드차타드은행,개인신용대출,"영업점,스마트폰",1,일반신용대출,KCB,20240719,202407,,3.6,3.6,3.6,3.6,,,,,3.6
45,한국스탠다드차타드은행,개인신용대출,"영업점,스마트폰",1,일반신용대출,KCB,20240719,202407,,3.35,4.47,5.3,5.72,,,,,3.8
46,한국스탠다드차타드은행,개인신용대출,"영업점,스마트폰",1,일반신용대출,KCB,20240719,202407,,1.55,0.97,0.36,0.36,,,,,1.21
47,한국스탠다드차타드은행,개인신용대출,"영업점,스마트폰",2,마이너스한도대출,KCB,20240719,202407,,0.47,0.36,0.26,0.4,,,,,0.41
48,한국스탠다드차타드은행,개인신용대출,"영업점,스마트폰",2,마이너스한도대출,KCB,20240719,202407,,3.77,5.19,6.1,5.5,,,,,3.77
49,한국스탠다드차타드은행,개인신용대출,"영업점,스마트폰",2,마이너스한도대출,KCB,20240719,202407,,3.6,3.6,3.61,3.6,,,,,3.61
50,한국스탠다드차타드은행,개인신용대출,"영업점,스마트폰",2,마이너스한도대출,KCB,20240719,202407,,6.9,8.43,9.45,8.7,,,,,6.97
51,한국씨티은행,장기카드대출,"인터넷,스마트폰,전화(텔레뱅킹),기타",3,장기카드대출(카드론),KCB,20240721,202407,,9.74,12.02,13.43,15.73,18.07,,,,13.07
52,아이엠뱅크,일반신용대출,"영업점,스마트폰",1,일반신용대출,KCB,20240720,202407,20240831,5.35,7.89,9.56,11.76,12.05,12,,,7.6
53,아이엠뱅크,일반신용대출,"영업점,스마트폰",1,일반신용대출,KCB,20240720,202407,20240831,3.58,3.57,3.57,3.57,3.57,3.56,,,3.58
54,아이엠뱅크,일반신용대출,"영업점,스마트폰",1,일반신용대출,KCB,20240720,202407,20240831,3.41,5.62,7.18,9.22,9.41,9.38,,,5.42
55,아이엠뱅크,일반신용대출,"영업점,스마트폰",1,일반신용대출,KCB,20240720,202407,20240831,1.64,1.3,1.19,1.03,0.93,0.94,,,1.4
56,아이엠뱅크,마이너스한도대출,"영업점,스마트폰",2,마이너스한도대출,KCB,20240720,202407,20240831,1.56,1.3,1.35,0.83,1.02,,,,1.51
57,아이엠뱅크,마이너스한도대출,"영업점,스마트폰",2,마이너스한도대출,KCB,20240720,202407,20240831,3.17,3.95,5.43,10.67,11.56,,,,3.47
58,아이엠뱅크,마이너스한도대출,"영업점,스마트폰",2,마이너스한도대출,KCB,20240720,202407,20240831,3.59,3.59,3.6,3.59,3.59,,,,3.59
59,아이엠뱅크,마이너스한도대출,"영업점,스마트폰",2,마이너스한도대출,KCB,20240720,202407,20240831,5.2,6.24,7.68,13.43,14.13,,,,5.55
60,아이엠뱅크,마이너스한도대출,"영업점,스마트폰",2,마이너스한도대출,KCB,20240720,202407,20240831,10.15,12.23,14.22,16.82,,,,,12.44
61,아이엠뱅크,장기카드대출,"스마트폰,모집인",3,장기카드대출(카드론),NICE,20240721,202407,,1.56,1.3,1.35,0.83,1.02,,,,1.51
62,아이엠뱅크,장기카드대출,"스마트폰,모집인",3,장기카드대출(카드론),NICE,20240721,202407,,3.17,3.95,5.43,10.67,11.56,,,,3.47
63,아이엠뱅크,장기카드대출,"스마트폰,모집인",3,장기카드대출(카드론),NICE,20240721,202407,,3.59,3.59,3.6,3.59,3.59,,,,3.59
64,아이엠뱅크,장기카드대출,"스마트폰,모집인",3,장기카드대출(카드론),NICE,20240721,202407,,5.2,6.24,7.68,13.43,14.13,,,,5.55
65,아이엠뱅크,장기카드대출,"스마트폰,모집인",3,장기카드대출(카드론),NICE,20240721,202407,,10.15,12.23,14.22,16.82,,,,,12.44
66,부산은행,ONE신용대출,"영업점,스마트폰",1,일반신용대출,KCB,20240719,202407,,6.31,6.86,7.15,6.89,,,,,6.6
67,부산은행,ONE신용대출,"영업점,스마트폰",1,일반신용대출,KCB,20240719,202407,,3.2,3.2,3.19,3.19,,,,,3.2
68,부산은행,ONE신용대출,"영업점,스마트폰",1,일반신용대출,KCB,20240719,202407,,3.63,3.94,4.25,3.7,,,,,3.81
69,부산은행,ONE신용대출,"영업점,스마트폰",1,일반신용대출,KCB,20240719,202407,,0.52,0.28,0.29,,,,,,0.41
70,부산은행,ONE신용대출,"영업점,스마트폰",2,마이너스한도대출,KCB,20240719,202407,,0.43,0.06,,,,,,,0.35
71,부산은행,ONE신용대출,"영업점,스마트폰",2,마이너스한도대출,KCB,20240719,202407,,3.29,3.52,3.6,,,,,,3.34
72,부산은행,ONE신용대출,"영업점,스마트폰",2,마이너스한도대출,KCB,20240719,202407,,3.19,3.21,3.21,,,,,,3.19
73,부산은행,ONE신용대출,"영업점,스마트폰",2,마이너스한도대출,KCB,20240719,202407,,6.05,6.67,6.81,,,,,,6.18
74,부산은행,장기카드대출,"영업점,기타",3,장기카드대출(카드론),NICE,20240721,202407,,12.55,12.66,14.9,15.31,,,,,13.34
75,광주은행,일반신용대출,"영업점,스마트폰",1,일반신용대출,KCB,20240708,202407,,6.71,7.82,9.24,10.9,11.6,12.49,,10.34,7.8
76,광주은행,일반신용대출,"영업점,스마트폰",1,일반신용대출,KCB,20240708,202407,,3.8,3.8,3.77,3.74,3.84,3.83,,3.56,3.79
77,광주은행,일반신용대출,"영업점,스마트폰",1,일반신용대출,KCB,20240708,202407,,3.59,4.41,6.08,11.21,32.1,36.89,,6.78,5.37
78,광주은행,일반신용대출,"영업점,스마트폰",1,일반신용대출,KCB,20240708,202407,,0.68,0.39,0.61,4.05,24.34,28.23,,,1.36
79,광주은행,마이너스한도대출,"영업점,스마트폰",2,마이너스한도대출,KCB,20240708,202407,,0.23,0.43,-0.08,,,,,,0.26
80,광주은행,마이너스한도대출,"영업점,스마트폰",2,마이너스한도대출,KCB,20240708,202407,,2.95,4.29,3,,,,,,3.21
81,광주은행,마이너스한도대출,"영업점,스마트폰",2,마이너스한도대출,KCB,20240708,202407,,3.81,3.84,3.84,,,,,,3.82
82,광주은행,마이너스한도대출,"영업점,스마트폰",2,마이너스한도대출,KCB,20240708,202407,,6.53,7.7,6.92,,,,,,6.77
83,광주은행,장기카드대출,"영업점,인터넷,스마트폰,기타",3,장기카드대출(카드론),KCB,20240721,202407,,12.26,14.08,15.67,17.52,,,,,15.09
84,제주은행,개인신용대출,"영업점,인터넷,스마트폰",1,일반신용대출,NICE,20240720,202407,,5.73,6.31,7.85,,8.49,,10.32,,9.09
85,제주은행,개인신용대출,"영업점,인터넷,스마트폰",1,일반신용대출,NICE,20240720,202407,,3.62,3.61,3.61,,3.62,,3.63,,3.61
86,제주은행,개인신용대출,"영업점,인터넷,스마트폰",1,일반신용대출,NICE,20240720,202407,,2.88,3.27,4.8,,14.28,,8.03,,5.97
87,제주은행,개인신용대출,"영업점,인터넷,스마트폰",1,일반신용대출,NICE,20240720,202407,,0.77,0.57,0.56,,9.41,,1.34,,0.49
88,제주은행,개인신용대출2,"영업점,인터넷,스마트폰",2,마이너스한도대출,NICE,20240720,202407,,0.83,0.81,0.68,0.4,,,,,0.81
89,제주은행,개인신용대출2,"영업점,인터넷,스마트폰",2,마이너스한도대출,NICE,20240720,202407,,3.37,3.39,4.16,3.39,,,,,3.4
90,제주은행,개인신용대출2,"영업점,인터넷,스마트폰",2,마이너스한도대출,NICE,20240720,202407,,3.59,3.6,3.6,3.6,,,,,3.59
91,제주은행,개인신용대출2,"영업점,인터넷,스마트폰",2,마이너스한도대출,NICE,20240720,202407,,6.13,6.18,7.08,6.59,,,,,6.18
92,전북은행,가계일반자금대출,"영업점,모집인",1,일반신용대출,kcb,20240720,202407,20240819,8.47,10.12,12.31,13.43,8.92,13.98,,16.91,11.4
93,전북은행,가계일반자금대출,"영업점,모집인",1,일반신용대출,kcb,20240720,202407,20240819,3.62,3.63,3.63,3.63,3.59,3.61,,3.62,3.63
94,전북은행,가계일반자금대출,"영업점,모집인",1,일반신용대출,kcb,20240720,202407,20240819,5.6,6.85,8.87,10.02,6.26,14.64,,13.36,8.11
95,전북은행,가계일반자금대출,"영업점,모집인",1,일반신용대출,kcb,20240720,202407,20240819,0.75,0.36,0.19,0.22,0.93,4.27,,0.07,0.34
96,전북은행,평생종합통장,"영업점,모집인",2,마이너스한도대출,kcb,20240720,202407,20240819,1.66,2.37,1.81,3.39,,,,,1.77
97,전북은행,평생종합통장,"영업점,모집인",2,마이너스한도대출,kcb,20240720,202407,20240819,4.67,5.08,5.73,8.28,,,,,4.85
98,전북은행,평생종합통장,"영업점,모집인",2,마이너스한도대출,kcb,20240720,202407,20240819,3.61,3.6,3.63,3.63,,,,,3.61
99,전북은행,평생종합통장,"영업점,모집인",2,마이너스한도대출,kcb,20240720,202407,20240819,6.62,6.31,7.55,8.52,,,,,6.69
100,전북은행,장기카드대출,"영업점,인터넷,스마트폰,기타",3,장기카드대출(카드론),NICE,20240721,202407,,,,15.21,18.2,,,,,15.75
101,경남은행,일반신용대출,"영업점,스마트폰",1,일반신용대출,KCB,20240720,202407,,5.49,6.68,7.63,8.44,12.68,13.06,,,6.06
102,경남은행,일반신용대출,"영업점,스마트폰",1,일반신용대출,KCB,20240720,202407,,3.55,3.57,3.6,3.6,3.57,3.2,,,3.56
103,경남은행,일반신용대출,"영업점,스마트폰",1,일반신용대출,KCB,20240720,202407,,2.68,3.59,4.32,5.03,9.2,9.8,,,3.13
104,경남은행,일반신용대출,"영업점,스마트폰",1,일반신용대출,KCB,20240720,202407,,0.74,0.48,0.29,0.19,0.09,-0.06,,,0.63
105,경남은행,마이너스한도대출,"영업점,스마트폰",2,마이너스한도대출,KCB,20240720,202407,,0.4,0.37,0.47,0.05,,,,,0.39
106,경남은행,마이너스한도대출,"영업점,스마트폰",2,마이너스한도대출,KCB,20240720,202407,,2.31,2.67,2.76,2.53,,,,,2.38
107,경남은행,마이너스한도대출,"영업점,스마트폰",2,마이너스한도대출,KCB,20240720,202407,,3.55,3.55,3.55,3.57,,,,,3.55
108,경남은행,마이너스한도대출,"영업점,스마트폰",2,마이너스한도대출,KCB,20240720,202407,,5.46,5.85,5.84,6.05,,,,,5.54
109,경남은행,장기카드대출,"영업점,인터넷,스마트폰,전화(텔레뱅킹),기타",3,장기카드대출(카드론),KCB,20240721,202407,,9.71,13.2,15.68,17.52,18.62,,,,13.58
110,중소기업은행,일반신용대출,"영업점,스마트폰,모집인",1,일반신용대출,NICE,20240718,202407,20250718,5.11,5.43,5.98,6.19,,,,,5.25
111,중소기업은행,일반신용대출,"영업점,스마트폰,모집인",1,일반신용대출,NICE,20240718,202407,20250718,3.53,3.51,3.5,3.48,,,,,3.52
112,중소기업은행,일반신용대출,"영업점,스마트폰,모집인",1,일반신용대출,NICE,20240718,202407,20250718,1.94,2.22,2.84,2.91,,,,,2.07
113,중소기업은행,일반신용대출,"영업점,스마트폰,모집인",1,일반신용대출,NICE,20240718,202407,20250718,0.36,0.3,0.36,0.2,,,,,0.34
114,중소기업은행,마이너스한도대출,"영업점,스마트폰,모집인",2,마이너스한도대출,NICE,20240718,202407,20250718,-0.08,0.09,0.54,0.6,,,,,-0.02
115,중소기업은행,마이너스한도대출,"영업점,스마트폰,모집인",2,마이너스한도대출,NICE,20240718,202407,20250718,1.92,2.28,3.06,3.4,,,,,2.04
116,중소기업은행,마이너스한도대출,"영업점,스마트폰,모집인",2,마이너스한도대출,NICE,20240718,202407,20250718,3.6,3.59,3.58,3.59,,,,,3.6
117,중소기업은행,마이너스한도대출,"영업점,스마트폰,모집인",2,마이너스한도대출,NICE,20240718,202407,20250718,5.6,5.78,6.1,6.39,,,,,5.66
118,중소기업은행,장기카드대출,"인터넷,스마트폰,전화(텔레뱅킹),기타",3,장기카드대출(카드론),KCB,20240721,202407,,8.42,11.42,14.74,15.91,17,,,,13.39
119,국민은행,일반신용대출,"영업점,인터넷,스마트폰",1,일반신용대출,KCB,20240718,202407,,4.91,5.41,5.84,6.14,6.14,,,,5.07
120,국민은행,일반신용대출,"영업점,인터넷,스마트폰",1,일반신용대출,KCB,20240718,202407,,3.55,3.54,3.55,3.53,3.51,,,,3.55
121,국민은행,일반신용대출,"영업점,인터넷,스마트폰",1,일반신용대출,KCB,20240718,202407,,1.93,2.42,2.79,3.42,3.52,,,,2.09
122,국민은행,일반신용대출,"영업점,인터넷,스마트폰",1,일반신용대출,KCB,20240718,202407,,0.57,0.55,0.5,0.81,0.89,,,,0.57
123,국민은행,마이너스한도대출,"영업점,인터넷,스마트폰",2,마이너스한도대출,KCB,20240718,202407,,0.93,0.94,0.81,1.08,,,,,0.94
124,국민은행,마이너스한도대출,"영업점,인터넷,스마트폰",2,마이너스한도대출,KCB,20240718,202407,,2.26,2.73,2.84,4.38,,,,,2.32
125,국민은행,마이너스한도대출,"영업점,인터넷,스마트폰",2,마이너스한도대출,KCB,20240718,202407,,3.56,3.55,3.56,3.57,,,,,3.56
126,국민은행,마이너스한도대출,"영업점,인터넷,스마트폰",2,마이너스한도대출,KCB,20240718,202407,,4.89,5.34,5.59,6.87,,,,,4.94
127,신한은행,개인신용대출(일반신용대출),"영업점,인터넷,스마트폰",1,일반신용대출,KCB,20240718,202407,,5.17,6.46,7.83,9.09,10.34,9.16,12,13.99,5.77
128,신한은행,개인신용대출(일반신용대출),"영업점,인터넷,스마트폰",1,일반신용대출,KCB,20240718,202407,,3.38,3.08,2.72,2.44,2.08,1.21,3.58,3.59,3.24
129,신한은행,개인신용대출(일반신용대출),"영업점,인터넷,스마트폰",1,일반신용대출,KCB,20240718,202407,,3.13,4.43,6.12,7.6,9.01,8.99,9.05,10.4,3.78
130,신한은행,개인신용대출(일반신용대출),"영업점,인터넷,스마트폰",1,일반신용대출,KCB,20240718,202407,,1.34,1.05,1.01,0.95,0.75,1.04,0.63,,1.25
131,신한은행,개인신용대출(마이너스한도대출),"영업점,인터넷,스마트폰",2,마이너스한도대출,KCB,20240718,202407,,5.35,5.84,6.63,9.02,,,,5.87,5.8
132,신한은행,개인신용대출(마이너스한도대출),"영업점,인터넷,스마트폰",2,마이너스한도대출,KCB,20240718,202407,,3.57,3.57,3.59,3.57,,,,3.59,3.59
133,신한은행,개인신용대출(마이너스한도대출),"영업점,인터넷,스마트폰",2,마이너스한도대출,KCB,20240718,202407,,3.09,3.32,4.11,6.75,,,,2.28,2.43
134,신한은행,개인신용대출(마이너스한도대출),"영업점,인터넷,스마트폰",2,마이너스한도대출,KCB,20240718,202407,,1.31,1.05,1.07,1.3,,,,,0.22
135,농협은행주식회사,가계신용대출(일반),영업점,1,일반신용대출,KCB,20240718,202407,,5.33,6.3,7.17,8.21,9.56,11.05,12.52,8.37,5.71
136,농협은행주식회사,가계신용대출(일반),영업점,1,일반신용대출,KCB,20240718,202407,,3.56,3.52,3.49,3.52,3.55,3.58,3.59,3.61,3.54
137,농협은행주식회사,가계신용대출(일반),영업점,1,일반신용대출,KCB,20240718,202407,,2.9,3.73,4.68,5.64,6.62,7.74,9.33,5.16,3.25
138,농협은행주식회사,가계신용대출(일반),영업점,1,일반신용대출,KCB,20240718,202407,,1.13,0.95,1,0.95,0.61,0.27,0.4,0.4,1.08
139,농협은행주식회사,가계신용대출(마이너스대출),영업점,2,마이너스한도대출,KCB,20240718,202407,,1.16,0.83,0.72,1.37,1.28,,,,1.12
140,농협은행주식회사,가계신용대출(마이너스대출),영업점,2,마이너스한도대출,KCB,20240718,202407,,3.01,3.12,2.94,5.43,3.88,,,,3.02
141,농협은행주식회사,가계신용대출(마이너스대출),영업점,2,마이너스한도대출,KCB,20240718,202407,,3.58,3.58,3.57,3.61,3.6,,,,3.58
142,농협은행주식회사,가계신용대출(마이너스대출),영업점,2,마이너스한도대출,KCB,20240718,202407,,5.43,5.87,5.79,7.67,6.2,,,,5.48
143,농협은행주식회사,장기카드대출,"인터넷,스마트폰,전화(텔레뱅킹)",3,장기카드대출(카드론),KCB,20240721,202407,,12.58,13.05,15.01,17.61,19.14,,,,14.94
144,하나은행,일반신용대출,"영업점,인터넷,스마트폰",1,일반신용대출,KCB,20240722,202407,,5.29,6.06,6.93,8.23,9.64,11.37,10.29,10.49,5.63
145,하나은행,일반신용대출,"영업점,인터넷,스마트폰",1,일반신용대출,KCB,20240722,202407,,3.49,3.53,3.53,3.54,3.56,3.59,3.56,3.55,3.5
146,하나은행,일반신용대출,"영업점,인터넷,스마트폰",1,일반신용대출,KCB,20240722,202407,,3.87,4.59,5.57,6.97,8.88,11.5,8.42,9.96,4.21
147,하나은행,일반신용대출,"영업점,인터넷,스마트폰",1,일반신용대출,KCB,20240722,202407,,2.07,2.06,2.17,2.28,2.8,3.72,1.69,3.02,2.08
148,하나은행,마이너스한도대출,"영업점,인터넷,스마트폰",2,마이너스한도대출,KCB,20240722,202407,,1.57,1.48,1.69,1.85,2.45,2.47,,2.51,1.57
149,하나은행,마이너스한도대출,"영업점,인터넷,스마트폰",2,마이너스한도대출,KCB,20240722,202407,,3.7,3.85,3.89,3.54,3.38,3.4,,3.44,3.73
150,하나은행,마이너스한도대출,"영업점,인터넷,스마트폰",2,마이너스한도대출,KCB,20240722,202407,,3.52,3.54,3.54,3.58,3.55,3.54,,3.56,3.52
151,하나은행,마이너스한도대출,"영업점,인터넷,스마트폰",2,마이너스한도대출,KCB,20240722,202407,,5.65,5.91,5.74,5.27,4.48,4.47,,4.49,5.68
152,주식회사 케이뱅크,직장인K신용대출,스마트폰,1,일반신용대출,KCB,20240718,202407,20240818,5.23,6.04,6.54,7.09,,,,,5.99
153,주식회사 케이뱅크,직장인K신용대출,스마트폰,1,일반신용대출,KCB,20240718,202407,20240818,3.61,3.57,3.57,3.57,,,,,3.58
154,주식회사 케이뱅크,직장인K신용대출,스마트폰,1,일반신용대출,KCB,20240718,202407,20240818,1.62,2.47,2.97,3.52,,,,,2.41
155,주식회사 케이뱅크,직장인K마이너스통장,스마트폰,2,마이너스한도대출,KCB,20240718,202407,20240818,5.13,6.82,7.18,7.52,,,,,6.86
156,주식회사 케이뱅크,직장인K마이너스통장,스마트폰,2,마이너스한도대출,KCB,20240718,202407,20240818,3.59,3.57,3.58,3.58,,,,,3.57
157,주식회사 케이뱅크,직장인K마이너스통장,스마트폰,2,마이너스한도대출,KCB,20240718,202407,20240818,1.54,3.25,3.6,3.94,,,,,3.29
158,수협은행,개인신용대출,"영업점,인터넷,스마트폰",1,일반신용대출,KCB,20240719,202407,,1.36,0.86,0.77,,,,,,1.31
159,수협은행,개인신용대출,"영업점,인터넷,스마트폰",1,일반신용대출,KCB,20240719,202407,,3.21,3.38,3.77,,,6.94,,,3.23
160,수협은행,개인신용대출,"영업점,인터넷,스마트폰",1,일반신용대출,KCB,20240719,202407,,3.19,3.19,3.35,,,3.53,,,3.19
161,수협은행,개인신용대출,"영업점,인터넷,스마트폰",1,일반신용대출,KCB,20240719,202407,,5.04,5.71,6.35,,,10.47,,,5.11
162,수협은행,개인신용마이너스한도대출,"영업점,인터넷,스마트폰",2,마이너스한도대출,KCB,20240719,202407,,5.77,6.13,6.44,,,,,,5.82
163,수협은행,개인신용마이너스한도대출,"영업점,인터넷,스마트폰",2,마이너스한도대출,KCB,20240719,202407,,3.18,3.18,3.18,,,,,,3.18
164,수협은행,개인신용마이너스한도대출,"영업점,인터넷,스마트폰",2,마이너스한도대출,KCB,20240719,202407,,3.14,3.36,3.51,,,,,,3.17
165,수협은행,개인신용마이너스한도대출,"영업점,인터넷,스마트폰",2,마이너스한도대출,KCB,20240719,202407,,0.55,0.41,0.25,,,,,,0.53
166,주식회사 카카오뱅크,일반신용대출,스마트폰,1,일반신용대출,KCB,20240718,202407,,1.95,2.62,3.48,4.22,1.66,,,,2.39
167,주식회사 카카오뱅크,일반신용대출,스마트폰,1,일반신용대출,KCB,20240718,202407,,3.58,3.58,3.58,3.58,3.58,,,,3.58
168,주식회사 카카오뱅크,일반신용대출,스마트폰,1,일반신용대출,KCB,20240718,202407,,5.53,6.2,7.06,7.8,5.24,,,,5.97
169,주식회사 카카오뱅크,마이너스한도대출,스마트폰,2,마이너스한도대출,KCB,20240718,202407,,6.1,7.86,8.4,8.38,7.93,,,,6.76
170,주식회사 카카오뱅크,마이너스한도대출,스마트폰,2,마이너스한도대출,KCB,20240718,202407,,3.57,3.52,3.52,3.55,3.51,,,,3.56
171,주식회사 카카오뱅크,마이너스한도대출,스마트폰,2,마이너스한도대출,KCB,20240718,202407,,2.53,4.34,4.88,4.83,4.42,,,,3.2
172,토스뱅크 주식회사,토스뱅크 마이너스 통장대출,스마트폰,2,마이너스한도대출,KCB,20240718,202407,,6.15,6.82,7.7,7.68,,,,,6.22
173,토스뱅크 주식회사,토스뱅크 마이너스 통장대출,스마트폰,2,마이너스한도대출,KCB,20240718,202407,,3.57,3.57,3.58,3.55,,,,,3.56
174,토스뱅크 주식회사,토스뱅크 마이너스 통장대출,스마트폰,2,마이너스한도대출,KCB,20240718,202407,,2.58,3.25,4.12,4.13,,,,,2.66
175,토스뱅크 주식회사,토스뱅크 신용대출,스마트폰,1,일반신용대출,KCB,20240718,202407,,5.94,7.32,8.84,10.41,10.97,12.63,,,6.37
176,토스뱅크 주식회사,토스뱅크 신용대출,스마트폰,1,일반신용대출,KCB,20240718,202407,,3.56,3.56,3.57,3.57,3.56,3.59,,,3.55
177,토스뱅크 주식회사,토스뱅크 신용대출,스마트폰,1,일반신용대출,KCB,20240718,202407,,2.38,3.76,5.27,6.84,7.41,9.04,,,2.81
178,애큐온저축은행,개인신용대출,"인터넷,스마트폰,모집인",1,일반신용대출,NICE,20240715,202407,,15.35,16.38,17.02,17.33,,,,,16.98
179,애큐온저축은행,개인신용대출,"인터넷,스마트폰,모집인",1,일반신용대출,NICE,20240715,202407,,4.53,4.53,4.53,4.53,4.53,4.53,4.53,4.53,4.53
180,애큐온저축은행,개인신용대출,"인터넷,스마트폰,모집인",1,일반신용대출,NICE,20240715,202407,,10.82,11.85,12.49,12.8,,,,,12.45
181,오에스비저축은행,개인신용대출,"인터넷,스마트폰",1,일반신용대출,NICE,20240715,202407,,17.93,16.84,17.39,18.59,18.8,,,,17.3
182,오에스비저축은행,개인신용대출,"인터넷,스마트폰",1,일반신용대출,NICE,20240715,202407,,2.56,2.56,2.56,2.56,2.56,,,,2.56
183,오에스비저축은행,개인신용대출,"인터넷,스마트폰",1,일반신용대출,NICE,20240715,202407,,15.37,14.28,14.83,16.03,16.24,,,,14.74
184,디비저축은행,개인신용대출,"스마트폰,모집인",1,일반신용대출,NICE,20240715,202407,,12.07,12.1,12.61,,,,,,12.36
185,디비저축은행,개인신용대출,"스마트폰,모집인",1,일반신용대출,NICE,20240715,202407,,4.49,4.49,4.49,,,,,,4.49
186,디비저축은행,개인신용대출,"스마트폰,모집인",1,일반신용대출,NICE,20240715,202407,,7.58,7.61,8.12,,,,,,7.87
187,키움예스저축은행,개인신용대출,"인터넷,스마트폰,모집인",1,일반신용대출,NICE,20240715,202407,,9.12,8.74,9.12,8.83,,,,,9.01
188,키움예스저축은행,개인신용대출,"인터넷,스마트폰,모집인",1,일반신용대출,NICE,20240715,202407,,4.84,4.84,4.84,4.84,,,,,4.84
189,키움예스저축은행,개인신용대출,"인터넷,스마트폰,모집인",1,일반신용대출,NICE,20240715,202407,,13.96,13.58,13.96,13.67,,,,,13.85
190,에스비아이저축은행,개인신용대출,"인터넷,스마트폰,모집인,전화(텔레뱅킹)",1,일반신용대출,NICE,20240715,202407,,13.2,14.43,14.93,15.45,16.66,,,,14.89
191,에스비아이저축은행,개인신용대출,"인터넷,스마트폰,모집인,전화(텔레뱅킹)",1,일반신용대출,NICE,20240715,202407,,3.33,3.33,3.32,3.32,3.24,,,,3.32
192,에스비아이저축은행,개인신용대출,"인터넷,스마트폰,모집인,전화(텔레뱅킹)",1,일반신용대출,NICE,20240715,202407,,9.87,11.1,11.61,12.13,13.42,,,,11.57
193,다올저축은행,개인신용대출,"인터넷,스마트폰,모집인,전화(텔레뱅킹)",1,일반신용대출,NICE,20240715,202407,,14.46,15.8,17.2,18.98,,,,,16.81
194,다올저축은행,개인신용대출,"인터넷,스마트폰,모집인,전화(텔레뱅킹)",1,일반신용대출,NICE,20240715,202407,,4.34,4.34,4.34,4.34,,,,,4.34
195,다올저축은행,개인신용대출,"인터넷,스마트폰,모집인,전화(텔레뱅킹)",1,일반신용대출,NICE,20240715,202407,,10.12,11.46,12.86,14.64,,,,,12.47
196,고려저축은행,개인신용대출,"인터넷,스마트폰,모집인,전화(텔레뱅킹)",1,일반신용대출,KCB,20240710,202407,,13.92,14.8,15.15,15.92,16.37,,,,15.71
197,고려저축은행,개인신용대출,"인터넷,스마트폰,모집인,전화(텔레뱅킹)",1,일반신용대출,KCB,20240710,202407,,4.87,4.87,4.87,4.87,4.87,4.87,4.87,4.87,4.87
198,고려저축은행,개인신용대출,"인터넷,스마트폰,모집인,전화(텔레뱅킹)",1,일반신용대출,KCB,20240710,202407,,9.05,9.93,10.28,11.05,11.5,,,,10.84
199,모아저축은행,개인신용대출,"인터넷,스마트폰,모집인",1,일반신용대출,NICE,20240715,202407,,15.3,15.27,15.29,15.3,,,,,15.29
200,모아저축은행,개인신용대출,"인터넷,스마트폰,모집인",1,일반신용대출,NICE,20240715,202407,,4.6,4.6,4.6,4.6,,,,,4.6
201,모아저축은행,개인신용대출,"인터넷,스마트폰,모집인",1,일반신용대출,NICE,20240715,202407,,19.9,19.87,19.89,19.9,,,,,19.89
202,키움저축은행,개인신용대출,"인터넷,스마트폰,모집인",1,일반신용대출,NICE,20240715,202407,,14.67,14.7,15.62,15.75,,,,,15.41
203,키움저축은행,개인신용대출,"인터넷,스마트폰,모집인",1,일반신용대출,NICE,20240715,202407,,4.26,4.26,4.26,4.26,,,,,4.26
204,키움저축은행,개인신용대출,"인터넷,스마트폰,모집인",1,일반신용대출,NICE,20240715,202407,,10.41,10.44,11.36,11.49,,,,,11.15
205,세람상호저축은행,개인신용대출,"스마트폰,모집인,전화(텔레뱅킹)",1,일반신용대출,NICE,20240715,202407,,12.28,13.8,13.8,17.81,,,18.49,19.9,17.44
206,세람상호저축은행,개인신용대출,"스마트폰,모집인,전화(텔레뱅킹)",1,일반신용대출,NICE,20240715,202407,,3.9,3.9,3.9,3.9,,,3.9,3.9,3.9
207,세람상호저축은행,개인신용대출,"스마트폰,모집인,전화(텔레뱅킹)",1,일반신용대출,NICE,20240715,202407,,8.38,9.9,9.9,13.91,,,14.59,16,13.54
208,페퍼저축은행,개인신용대출,"영업점,인터넷,스마트폰,모집인,전화(텔레뱅킹),기타",1,일반신용대출,NICE,20240715,202407,,11.52,14.54,15.82,17.71,,,,,15.46
209,페퍼저축은행,개인신용대출,"영업점,인터넷,스마트폰,모집인,전화(텔레뱅킹),기타",1,일반신용대출,NICE,20240715,202407,,4.08,4.08,4.08,4.08,,,,,4.08
210,페퍼저축은행,개인신용대출,"영업점,인터넷,스마트폰,모집인,전화(텔레뱅킹),기타",1,일반신용대출,NICE,20240715,202407,,7.44,10.46,11.74,13.63,,,,,11.38
211,한화저축은행,개인신용대출,"스마트폰,모집인",1,일반신용대출,KCB,20240715,202407,,6.92,7.36,8.05,9.55,,,,,8.52
212,한화저축은행,개인신용대출,"스마트폰,모집인",1,일반신용대출,KCB,20240715,202407,,4.73,4.73,4.73,4.73,,,,,4.73
213,한화저축은행,개인신용대출,"스마트폰,모집인",1,일반신용대출,KCB,20240715,202407,,11.65,12.09,12.78,14.28,,,,,13.25
214,우리금융저축은행,개인신용대출,"인터넷,스마트폰,모집인",1,일반신용대출,KCB,20240718,202407,,12.07,12.95,12.84,13.72,15.02,,,,13.07
215,우리금융저축은행,개인신용대출,"인터넷,스마트폰,모집인",1,일반신용대출,KCB,20240718,202407,,4.68,4.68,4.68,4.68,4.68,4.68,,,4.68
216,우리금융저축은행,개인신용대출,"인터넷,스마트폰,모집인",1,일반신용대출,KCB,20240718,202407,,7.39,8.27,8.16,9.04,10.34,,,,8.39
217,한성저축은행,개인신용대출,"영업점,인터넷,스마트폰,모집인",1,일반신용대출,NICE,20240712,202407,,16.29,17,18.04,18.05,,,,,17.65
218,한성저축은행,개인신용대출,"영업점,인터넷,스마트폰,모집인",1,일반신용대출,NICE,20240712,202407,,4.14,4.14,4.14,4.14,,,,,4.14
219,한성저축은행,개인신용대출,"영업점,인터넷,스마트폰,모집인",1,일반신용대출,NICE,20240712,202407,,12.15,12.86,13.9,13.91,,,,,13.51
220,상상인플러스저축은행,개인신용대출,모집인,1,일반신용대출,NICE,20240715,202407,,16.39,17.93,19.39,19.84,,,,,19.27
221,상상인플러스저축은행,개인신용대출,모집인,1,일반신용대출,NICE,20240715,202407,,4.42,4.42,4.42,4.42,,,,,4.42
222,상상인플러스저축은행,개인신용대출,모집인,1,일반신용대출,NICE,20240715,202407,,11.97,13.51,14.97,15.42,,,,,14.85
223,스타저축은행,개인신용대출,인터넷,1,일반신용대출,NICE,20240710,202407,,2.32,10.13,12.83,14.78,,,15.12,15.12,12.53
224,스타저축은행,개인신용대출,인터넷,1,일반신용대출,NICE,20240710,202407,,4.58,4.58,4.58,4.58,,,4.58,4.58,4.58
225,스타저축은행,개인신용대출,인터넷,1,일반신용대출,NICE,20240710,202407,,6.9,14.71,17.41,19.36,,,19.7,19.7,17.11
226,동양저축은행,개인신용대출,"인터넷,스마트폰,모집인",1,일반신용대출,NICE,20240712,202407,,,16.27,16.3,,,,,,16.29
227,동양저축은행,개인신용대출,"인터넷,스마트폰,모집인",1,일반신용대출,NICE,20240712,202407,,,3.93,3.93,,,,,,3.93
228,동양저축은행,개인신용대출,"인터넷,스마트폰,모집인",1,일반신용대출,NICE,20240712,202407,,,12.34,12.37,,,,,,12.36
229,스마트저축은행,개인신용대출,"영업점,인터넷,스마트폰,모집인,전화(텔레뱅킹)",1,일반신용대출,NICE,20240716,202407,,15.86,15.68,16.43,16.87,,,,,16.22
230,스마트저축은행,개인신용대출,"영업점,인터넷,스마트폰,모집인,전화(텔레뱅킹)",1,일반신용대출,NICE,20240716,202407,,4.99,4.99,4.99,4.99,,,,,4.99
231,스마트저축은행,개인신용대출,"영업점,인터넷,스마트폰,모집인,전화(텔레뱅킹)",1,일반신용대출,NICE,20240716,202407,,10.87,10.69,11.44,11.88,,,,,11.23
232,한국투자저축은행,개인신용대출,"영업점,인터넷,스마트폰,모집인,전화(텔레뱅킹)",1,일반신용대출,NICE,20240715,202407,,14.59,15.37,15.96,16.2,16.35,,,,15.87
233,한국투자저축은행,개인신용대출,"영업점,인터넷,스마트폰,모집인,전화(텔레뱅킹)",1,일반신용대출,NICE,20240715,202407,,4.34,4.34,4.34,4.34,4.34,4.34,,,4.34
234,한국투자저축은행,개인신용대출,"영업점,인터넷,스마트폰,모집인,전화(텔레뱅킹)",1,일반신용대출,NICE,20240715,202407,,10.25,11.03,11.62,11.86,12.01,,,,11.53
235,예가람저축은행,개인신용대출,"영업점,인터넷,스마트폰,모집인,전화(텔레뱅킹),기타",1,일반신용대출,NICE,20240715,202407,,7.4,9.36,10.86,11.29,11.89,,,,10.45
236,예가람저축은행,개인신용대출,"영업점,인터넷,스마트폰,모집인,전화(텔레뱅킹),기타",1,일반신용대출,NICE,20240715,202407,,4.8,4.8,4.8,4.8,4.8,,,,4.8
237,예가람저축은행,개인신용대출,"영업점,인터넷,스마트폰,모집인,전화(텔레뱅킹),기타",1,일반신용대출,NICE,20240715,202407,,12.2,14.16,15.66,16.09,16.69,,,,15.25
238,제이티저축은행,개인신용대출,"영업점,인터넷,스마트폰,모집인,전화(텔레뱅킹)",1,일반신용대출,NICE,20240715,202407,,13.68,14.15,15.41,15.27,,,,,15.2
239,제이티저축은행,개인신용대출,"영업점,인터넷,스마트폰,모집인,전화(텔레뱅킹)",1,일반신용대출,NICE,20240715,202407,,4.63,4.63,4.63,4.63,4.63,,,,4.63
240,제이티저축은행,개인신용대출,"영업점,인터넷,스마트폰,모집인,전화(텔레뱅킹)",1,일반신용대출,NICE,20240715,202407,,9.05,9.52,10.78,10.64,,,,,10.57
241,삼호저축은행,개인신용대출,"영업점,인터넷,모집인",1,일반신용대출,NICE,20240715,202407,,15.77,18.43,18.72,19.04,,,,,18.66
242,삼호저축은행,개인신용대출,"영업점,인터넷,모집인",1,일반신용대출,NICE,20240715,202407,,2.6,2.6,2.6,2.6,,,,,2.6
243,삼호저축은행,개인신용대출,"영업점,인터넷,모집인",1,일반신용대출,NICE,20240715,202407,,13.17,15.83,16.12,16.44,,,,,16.06
244,엔에이치저축은행,개인신용대출,"인터넷,스마트폰",1,일반신용대출,NICE,20240712,202407,,10.51,11.11,12.21,13.42,,,,,11.81
245,엔에이치저축은행,개인신용대출,"인터넷,스마트폰",1,일반신용대출,NICE,20240712,202407,,4.03,4.03,4.03,4.03,,,,,4.03
246,엔에이치저축은행,개인신용대출,"인터넷,스마트폰",1,일반신용대출,NICE,20240712,202407,,6.48,7.08,8.18,9.39,,,,,7.78
247,아이비케이저축은행,개인신용대출,"인터넷,스마트폰,모집인",1,일반신용대출,NICE,20240712,202407,,9.15,9.86,11.6,10.1,,,,,10.96
248,아이비케이저축은행,개인신용대출,"인터넷,스마트폰,모집인",1,일반신용대출,NICE,20240712,202407,,4.2,4.2,4.2,4.2,,,,,4.2
249,아이비케이저축은행,개인신용대출,"인터넷,스마트폰,모집인",1,일반신용대출,NICE,20240712,202407,,13.35,14.06,15.8,14.3,,,,,15.16
250,비엔케이저축은행,개인신용대출,,1,일반신용대출,NICE,20240715,202407,,13.2,14.25,16.25,17.64,17.15,,,,15.7
251,비엔케이저축은행,개인신용대출,,1,일반신용대출,NICE,20240715,202407,,4.75,4.75,4.75,4.75,4.75,,,,4.75
252,비엔케이저축은행,개인신용대출,,1,일반신용대출,NICE,20240715,202407,,8.45,9.5,11.5,12.89,12.4,,,,10.95
253,케이비저축은행,개인신용대출,"인터넷,스마트폰,모집인,기타",1,일반신용대출,NICE,20240715,202407,,13.57,15,15.8,16.28,,,,,15.56
254,케이비저축은행,개인신용대출,"인터넷,스마트폰,모집인,기타",1,일반신용대출,NICE,20240715,202407,,3.83,3.83,3.83,3.83,,,,,3.83
255,케이비저축은행,개인신용대출,"인터넷,스마트폰,모집인,기타",1,일반신용대출,NICE,20240715,202407,,9.74,11.17,11.97,12.45,,,,,11.73
256,하나저축은행,개인신용대출,스마트폰,1,일반신용대출,NICE,20240715,202407,,12.65,13.43,14.44,15.09,,,,,13.8
257,하나저축은행,개인신용대출,스마트폰,1,일반신용대출,NICE,20240715,202407,,3.92,3.92,3.92,3.92,,,,,3.92
258,하나저축은행,개인신용대출,스마트폰,1,일반신용대출,NICE,20240715,202407,,8.73,9.51,10.52,11.17,,,,,9.88
259,제이티친애저축은행,개인신용대출,"영업점,인터넷,스마트폰,모집인,전화(텔레뱅킹)",1,일반신용대출,NICE,20240715,202407,,10.97,10.01,10.34,10.42,,,,,10.29
260,제이티친애저축은행,개인신용대출,"영업점,인터넷,스마트폰,모집인,전화(텔레뱅킹)",1,일반신용대출,NICE,20240715,202407,,4.65,4.65,4.65,4.65,,,,,4.65
261,제이티친애저축은행,개인신용대출,"영업점,인터넷,스마트폰,모집인,전화(텔레뱅킹)",1,일반신용대출,NICE,20240715,202407,,15.62,14.66,14.99,15.07,,,,,14.94
262,신한저축은행,개인신용대출,"영업점,인터넷,스마트폰,모집인,전화(텔레뱅킹)",1,일반신용대출,NICE,20240712,202407,,13.77,16.16,16.86,16.88,18.7,,,,16.66
263,신한저축은행,개인신용대출,"영업점,인터넷,스마트폰,모집인,전화(텔레뱅킹)",1,일반신용대출,NICE,20240712,202407,,3.95,3.95,3.95,3.95,3.95,,,,3.95
264,신한저축은행,개인신용대출,"영업점,인터넷,스마트폰,모집인,전화(텔레뱅킹)",1,일반신용대출,NICE,20240712,202407,,9.82,12.21,12.91,12.93,14.75,,,,12.71
265,웰컴저축은행,개인신용대출,"인터넷,스마트폰,모집인,전화(텔레뱅킹)",1,일반신용대출,NICE,20240715,202407,,16.11,16.78,16.9,16.86,16.35,,19.57,19.78,17.59
266,웰컴저축은행,개인신용대출,"인터넷,스마트폰,모집인,전화(텔레뱅킹)",1,일반신용대출,NICE,20240715,202407,,4.4,4.4,4.4,4.4,4.4,,4.4,4.4,4.4
267,웰컴저축은행,개인신용대출,"인터넷,스마트폰,모집인,전화(텔레뱅킹)",1,일반신용대출,NICE,20240715,202407,,11.71,12.38,12.5,12.46,11.95,,15.17,15.38,13.19
268,오케이저축은행,개인신용대출,"인터넷,스마트폰,모집인,전화(텔레뱅킹),기타",1,일반신용대출,NICE,20240715,202407,,14.79,16.43,17.83,18.68,16.43,,,,17.48
269,오케이저축은행,개인신용대출,"인터넷,스마트폰,모집인,전화(텔레뱅킹),기타",1,일반신용대출,NICE,20240715,202407,,4.38,4.38,4.38,4.38,4.38,,,,4.38
270,오케이저축은행,개인신용대출,"인터넷,스마트폰,모집인,전화(텔레뱅킹),기타",1,일반신용대출,NICE,20240715,202407,,10.41,12.05,13.45,14.3,12.05,,,,13.1
