순번,공시 제출월,금융회사 코드,금융회사 명,금융상품 코드,금융 상품명,가입 방법,대출 부대비용,중도상환 수수료,전처리 연체이자율,연체이자율,전처리 대출한도,대출한도,공시 시작일,공시 종료일,전처리 담보종류명,담보종류명,상환방식명,금리구분명,최저 금리,최고 금리,평균 금리,대출종류명
1,202407,10593,한화생명보험주식회사,302301,홈드림모기지론,"영업점,모집인","인지세(50%), 주택채권매입비용",기본형(36개월이내 원금상환시 상환금액의 1.2% * 잔존일수 / 36개월) 외 3개 방식,0.19,"대출만기 경과 건을 포함하여 연체기간에 상관없이 정상금리 +3%를 적용 (단, 최고 19%)",0.7,"감정가의 최고 70%까지 (담보물소재지, 대출금액, 고객신용, 소득 등에 따라 차등적용)",20220819,,0,아파트,분할상환방식,고정금리,4.26,4.98,4.71,주택담보대출
2,202407,10593,한화생명보험주식회사,302301,홈드림모기지론,"영업점,모집인","인지세(50%), 주택채권매입비용",기본형(36개월이내 원금상환시 상환금액의 1.2% * 잔존일수 / 36개월) 외 3개 방식,0.19,"대출만기 경과 건을 포함하여 연체기간에 상관없이 정상금리 +3%를 적용 (단, 최고 19%)",0.7,"감정가의 최고 70%까지 (담보물소재지, 대출금액, 고객신용, 소득 등에 따라 차등적용)",20220819,,0,아파트,분할상환방식,변동금리,4.56,5.06,4.66,주택담보대출
3,202407,10593,한화생명보험주식회사,302301,홈드림모기지론,"영업점,모집인","인지세(50%), 주택채권매입비용",기본형(36개월이내 원금상환시 상환금액의 1.2% * 잔존일수 / 36개월) 외 3개 방식,0.19,"대출만기 경과 건을 포함하여 연체기간에 상관없이 정상금리 +3%를 적용 (단, 최고 19%)",0.7,"감정가의 최고 70%까지 (담보물소재지, 대출금액, 고객신용, 소득 등에 따라 차등적용)",20220819,,1,아파트외,분할상환방식,고정금리,4.46,5.18,4.96,주택담보대출
4,202407,10593,한화생명보험주식회사,302301,홈드림모기지론,"영업점,모집인","인지세(50%), 주택채권매입비용",기본형(36개월이내 원금상환시 상환금액의 1.2% * 잔존일수 / 36개월) 외 3개 방식,0.19,"대출만기 경과 건을 포함하여 연체기간에 상관없이 정상금리 +3%를 적용 (단, 최고 19%)",0.7,"감정가의 최고 70%까지 (담보물소재지, 대출금액, 고객신용, 소득 등에 따라 차등적용)",20220819,,1,아파트외,분할상환방식,변동금리,4.76,5.26,4.86,주택담보대출
5,202407,10594,에이비엘생명보험주식회사,ABLMortgage1,ABLMortgage,"영업점,모집인",* 인지대: 대출금액에 따라 부과되는 인지세의 1/2,"* 중도상환수수료율: 3년 내 상환시 상환금액의 1.0%
                            (최초대출금의 30% 이내 상환 시 면제)
* 산정방식 = (중도상환금액 * 상환수수료율 * 부과기간 잔여일수) / 부과기간 일수",0.0793,* 연체이율 = 정상이자율 + 3.0%,1,"* 감독원 기준에 따름
* 부동산담보대출 신규취급 잠정 중단",20240711,,0,아파트,분할상환방식,변동금리,4.28,5.58,4.93,주택담보대출
6,202407,10595,삼성생명보험주식회사,F35405,주택담보대출(한도형),"영업점,모집인","인지세(50%), 채권매입비용",없음,0.17,"대출금리 +3%
최고 年 17%",0.7,시세(감정가)의 최대 70%,20211020,,0,아파트,분할상환방식,고정금리,4.14,5.25,4.695,주택담보대출
7,202407,10595,삼성생명보험주식회사,F35405,주택담보대출(한도형),"영업점,모집인","인지세(50%), 채권매입비용",없음,0.17,"대출금리 +3%
최고 年 17%",0.7,시세(감정가)의 최대 70%,20211020,,0,아파트,분할상환방식,변동금리,4.14,5.25,4.695,주택담보대출
8,202407,10595,삼성생명보험주식회사,F35405,주택담보대출(한도형),"영업점,모집인","인지세(50%), 채권매입비용",없음,0.17,"대출금리 +3%
최고 年 17%",0.7,시세(감정가)의 최대 70%,20211020,,1,아파트외,분할상환방식,고정금리,4.14,5.25,4.695,주택담보대출
9,202407,10595,삼성생명보험주식회사,F35405,주택담보대출(한도형),"영업점,모집인","인지세(50%), 채권매입비용",없음,0.17,"대출금리 +3%
최고 年 17%",0.7,시세(감정가)의 최대 70%,20211020,,1,아파트외,분할상환방식,변동금리,4.14,5.25,4.695,주택담보대출
10,202407,10595,삼성생명보험주식회사,F35605,주택담보대출(일반형),"영업점,모집인","인지세(50%), 채권매입비용","- 중도상환금액 X 수수료율(2.0%) X 중도상환수수료부과잔존일수
- 중도상환수수료 총 부과일수(대출원금의 50%까지 상환수수료 면제)",0.17,"대출금리 +3%
최고 年 17%",0.7,시세(감정가)의 최대 70%,20211020,,1,아파트외,분할상환방식,변동금리,3.94,5.14,4.52,주택담보대출
11,202407,10595,삼성생명보험주식회사,F35605,주택담보대출(일반형),"영업점,모집인","인지세(50%), 채권매입비용","- 중도상환금액 X 수수료율(2.0%) X 중도상환수수료부과잔존일수
- 중도상환수수료 총 부과일수(대출원금의 50%까지 상환수수료 면제)",0.17,"대출금리 +3%
최고 年 17%",0.7,시세(감정가)의 최대 70%,20211020,,1,아파트외,분할상환방식,고정금리,3.82,5.15,4.25,주택담보대출
12,202407,10595,삼성생명보험주식회사,F35605,주택담보대출(일반형),"영업점,모집인","인지세(50%), 채권매입비용","- 중도상환금액 X 수수료율(2.0%) X 중도상환수수료부과잔존일수
- 중도상환수수료 총 부과일수(대출원금의 50%까지 상환수수료 면제)",0.17,"대출금리 +3%
최고 年 17%",0.7,시세(감정가)의 최대 70%,20211020,,0,아파트,분할상환방식,변동금리,3.94,5.14,4.52,주택담보대출
13,202407,10595,삼성생명보험주식회사,F35605,주택담보대출(일반형),"영업점,모집인","인지세(50%), 채권매입비용","- 중도상환금액 X 수수료율(2.0%) X 중도상환수수료부과잔존일수
- 중도상환수수료 총 부과일수(대출원금의 50%까지 상환수수료 면제)",0.17,"대출금리 +3%
최고 年 17%",0.7,시세(감정가)의 최대 70%,20211020,,0,아파트,분할상환방식,고정금리,3.82,5.15,4.25,주택담보대출
14,202407,10596,흥국생명보험주식회사,24246,모기지론,"영업점,모집인","국민주택채권매입비, 인지세(50%)",중도상환금액 x 1.5% x 대출잔여일수/1095,0.19,"-1개월이하: 대출금리+3%
-3개월이하: 대출금리+3%
-3개월초과:대출금리+3%
-최고연체이자율:19%",0.7,최고한도 LTV 70% 지역별 차등적용,20151120,,0,아파트,분할상환방식,변동금리,5.05,5.08,5,주택담보대출
15,202407,10597,교보생명보험주식회사,103027,교보e아파트론,"영업점,모집인","인지세
-5천만원이하 : 없음
-1억이하 : 7만원 * 50% = 3.5만원
-10억이하 : 15만원 * 50% = 7.5만원
-10억초과 : 35만원 * 50% = 17.5만원","중도상환수수료율: 1.20%(원금 10%이내 상환시 면제)
대출일자부터 3년내 일할계산: 중도상환금액 * 중도상환수수료율 * (잔존일수 / 중도상환수수료부과일수)",0.17,"1개월이하 : 대출금리 + 3%
1개월초과~3개월이하 : 대출금리 +3%
3개월초대 : 대출금리 + 3%
최고연체이자율 : 17%",0.7,최대 LTV 70% 이내,20240716,,0,아파트,분할상환방식,고정금리,4.25,5.36,4.72,주택담보대출
16,202407,10597,교보생명보험주식회사,103027,교보e아파트론,"영업점,모집인","인지세
-5천만원이하 : 없음
-1억이하 : 7만원 * 50% = 3.5만원
-10억이하 : 15만원 * 50% = 7.5만원
-10억초과 : 35만원 * 50% = 17.5만원","중도상환수수료율: 1.20%(원금 10%이내 상환시 면제)
대출일자부터 3년내 일할계산: 중도상환금액 * 중도상환수수료율 * (잔존일수 / 중도상환수수료부과일수)",0.17,"1개월이하 : 대출금리 + 3%
1개월초과~3개월이하 : 대출금리 +3%
3개월초대 : 대출금리 + 3%
최고연체이자율 : 17%",0.7,최대 LTV 70% 이내,20240716,,0,아파트,분할상환방식,변동금리,4.2,5.36,4.78,주택담보대출
17,202407,10599,신한라이프생명보험주식회사,120037,주택담보대출(APT_국고채3년_혼합형),"영업점,모집인","인지세 (50%씩 당사와 고객이 부담), 국민주택채권매입비","중도상환대출금 x 수수료율 x (대출잔여일수/대출기간)
최초 1년간 대출금액의 50%이내 면제",0.19,"1개월 이상 : 대출금리 + 3%
최고연체율 : 19%
(대출금리 포함)",0.7,LTV (최대 70%),20240619,,0,아파트,분할상환방식,변동금리,4.71,5.91,5.31,주택담보대출
18,202407,10599,신한라이프생명보험주식회사,120039,MCI_주택담보대출(APT_국고채3년_혼합형),"영업점,모집인","인지세(50%씩 당사와 고객이 부담), 국민주택채권매입비","중도상환대출금 x 수수료율 x (대출잔여일수/대출기간) 
최초 1년간 대출금액의 50%이내 면제",0.19,"1개월이상 : 대출금리+3% 
최고연체율 : 19% 
(대출금리 포함)",0.7,LTV(최대 70%),20240718,,0,아파트,분할상환방식,변동금리,4.71,5.91,5.31,주택담보대출
19,202407,10618,하나생명보험주식회사,0,하나생명 아파트담보대출,스마트폰,"1. 인지세(고객부담분)
 - 대출금액 5천만원 초과 ~1억원 이하 : 35,000원
 - 1억원초과 ~ 10억원 이하 : 75,000원
 - 10억원 초과 : 175,500원
2. 채권할인료 : 근저당권 채권최고액의 1% x 일별 채권할인율
3. 근저당권 말소/감액 : 건당 50,000원",중도상환금액 x 중도상환수수료율(1.3%) x 대출 잔여일수/대출기간(3년),0.17,"- 연체 가산 이자율 : 대출금리 +3%
- 최고 연체이자율 : 연 17%",1000000000,최대 10억원,20231220,,0,아파트,분할상환방식,변동금리,5.4,6.21,5.805,주택담보대출
20,202407,10618,하나생명보험주식회사,0,하나생명 아파트담보대출,스마트폰,"1. 인지세(고객부담분)
 - 대출금액 5천만원 초과 ~1억원 이하 : 35,000원
 - 1억원초과 ~ 10억원 이하 : 75,000원
 - 10억원 초과 : 175,500원
2. 채권할인료 : 근저당권 채권최고액의 1% x 일별 채권할인율
3. 근저당권 말소/감액 : 건당 50,000원",중도상환금액 x 중도상환수수료율(1.3%) x 대출 잔여일수/대출기간(3년),0.17,"- 연체 가산 이자율 : 대출금리 +3%
- 최고 연체이자율 : 연 17%",1000000000,최대 10억원,20231220,,0,아파트,분할상환방식,고정금리,5.14,5.84,5.49,주택담보대출
21,202407,10622,동양생명보험주식회사,WR003E,아파트담보대출,모집인,"인지세(50%), 
주택채권매입비용(실비),
근저당권말소및변경비용(해당시),
확인서명비용(해당시)",1.5%(3년이내),0.0795,정상이율+3%,0.8,최대 LTV 80% 적용,20240718,,0,아파트,분할상환방식,고정금리,4.59,4.9,4.95,주택담보대출
22,202407,10633,삼성화재해상보험주식회사,300002,삼성아파트,"영업점,인터넷,모집인","인지세(50%)
주택채권매입비","1.0%, 1.2%, 1.4%, 1.5%
중도상환금액×수수료율×잔여부과일/총부과일",0.17,"대출금리 + 3%
최고 17%한도",0.7,LTV 30~70%,20240718,,0,아파트,분할상환방식,고정금리,3.36,6.3,4.6,주택담보대출
23,202407,10633,삼성화재해상보험주식회사,300002,삼성아파트,"영업점,인터넷,모집인","인지세(50%)
주택채권매입비","1.0%, 1.2%, 1.4%, 1.5%
중도상환금액×수수료율×잔여부과일/총부과일",0.17,"대출금리 + 3%
최고 17%한도",0.7,LTV 30~70%,20240718,,0,아파트,분할상환방식,변동금리,3.45,6.39,4.57,주택담보대출
24,202407,10633,삼성화재해상보험주식회사,300006,삼성주택,"영업점,인터넷,모집인","인지세(50%)
주택채권매입비","1,0%, 1.2%, 1.4%, 1.5%
중도상환금액×수수료율×잔여부과일/총부과일",0.17,"대출금리 + 3%
최고 17%한도",0.7,LTV 30~70%,20240718,,1,아파트외,분할상환방식,고정금리,3.39,6.33,4.62,주택담보대출
25,202407,10633,삼성화재해상보험주식회사,300006,삼성주택,"영업점,인터넷,모집인","인지세(50%)
주택채권매입비","1,0%, 1.2%, 1.4%, 1.5%
중도상환금액×수수료율×잔여부과일/총부과일",0.17,"대출금리 + 3%
최고 17%한도",0.7,LTV 30~70%,20240718,,1,아파트외,분할상환방식,변동금리,3.48,6.42,4.66,주택담보대출
26,202407,10634,현대해상화재보험주식회사,10220281,현대해상_아파트론(3년고정),"영업점,모집인","인지세 50%
국민주택채권매입비용",중도상환금액 × 1.5% × 대출잔여일수 ÷ 3년,0.19,"대출금리 + 3%
최고 연체이자율 : 19%",0.7,"LTV 40% ~ 70%
(지역별 차등 적용)",20240719,,0,아파트,분할상환방식,고정금리,4.92,5.52,4.94,주택담보대출
27,202407,10634,현대해상화재보험주식회사,10220283,현대해상_아파트론(5년고정),"영업점,모집인","인지세 50%
국민주택채권매입비용",중도상환금액 × 1.5% × 대출잔여일수 ÷ 3년,0.19,"대출금리 + 3%
최고 연체이자율 : 19%",0.7,"LTV 40% ~ 70%
(지역별 차등 적용)",20240719,,0,아파트,분할상환방식,고정금리,4.92,5.52,4.95,주택담보대출
28,202407,10634,현대해상화재보험주식회사,10220285,HI 모바일 아파트론(5년고정),"인터넷,스마트폰","인지세 50%
국민주택채권매입비용",중도상환금액 × 1.5% × 대출잔여일수 ÷ 3년,0.19,"대출금리 + 3%
최고 연체이자율 : 19%",0.7,"LTV 40% ~ 70%
(지역별 차등 적용)",20240719,,0,아파트,분할상환방식,고정금리,4.72,4.82,4.7,주택담보대출
29,202407,10634,현대해상화재보험주식회사,10221107,현대해상_주택론(3년고정),"영업점,모집인","인지세 50%
국민주택채권매입비용",중도상환금액 × 1.5% × 대출잔여일수 ÷ 3년,0.19,"대출금리 + 3%
최고 연체이자율 : 19%",0.7,"LTV 40% ~ 70%
(지역별 차등 적용)",20240719,,1,아파트외,분할상환방식,고정금리,4.95,5.25,5,주택담보대출
30,202407,10634,현대해상화재보험주식회사,10221108,현대해상_주택론(5년고정),"영업점,모집인","인지세 50%
국민주택채권매입비용",중도상환금액 × 1.5% × 대출잔여일수 ÷ 3년,0.19,"대출금리 + 3%
최고 연체이자율 : 19%",0.7,"LTV 40% ~ 70%
(지역별 차등 적용)",20240719,,1,아파트외,분할상환방식,고정금리,4.95,5.25,5.02,주택담보대출
31,202407,10635,주식회사KB손해보험,13032,부동산담보(KB손보희망모기지론),"영업점,모집인","- 인지세 : 해당세액의 50%
- 국민주택채권매입비","- 중도상환원금 × 수수료율 × 잔여중도수수료약정기간 ÷ 3년
※ 수수료율 : 0.8% ~ 1.5%",0.19,"대출금리 + 3%
(최고 연체이자율 : 19%)",0.7,LTV 30%~70%,20240722,,0,아파트,분할상환방식,고정금리,4.2,6.11,4.45,주택담보대출
32,202407,10635,주식회사KB손해보험,13032,부동산담보(KB손보희망모기지론),"영업점,모집인","- 인지세 : 해당세액의 50%
- 국민주택채권매입비","- 중도상환원금 × 수수료율 × 잔여중도수수료약정기간 ÷ 3년
※ 수수료율 : 0.8% ~ 1.5%",0.19,"대출금리 + 3%
(최고 연체이자율 : 19%)",0.7,LTV 30%~70%,20240722,,0,아파트,분할상환방식,변동금리,4.24,6.14,5.19,주택담보대출
33,202407,10635,주식회사KB손해보험,13037,부동산담보(KB손보희망모기지론MI),"영업점,모집인","- 인지세 : 해당세액의 50%
- 국민주택채권매입비","- 중도상환원금 × 수수료율 × 잔여중도수수료약정기간 ÷ 3년
※ 수수료율 : 0.8% ~ 1.5%",0.19,"대출금리 + 3%
(최고 연체이자율 : 19%)",0.7,LTV 30%~70%,20240722,,0,아파트,분할상환방식,고정금리,4.8,6.51,5.655,주택담보대출
34,202407,10635,주식회사KB손해보험,13037,부동산담보(KB손보희망모기지론MI),"영업점,모집인","- 인지세 : 해당세액의 50%
- 국민주택채권매입비","- 중도상환원금 × 수수료율 × 잔여중도수수료약정기간 ÷ 3년
※ 수수료율 : 0.8% ~ 1.5%",0.19,"대출금리 + 3%
(최고 연체이자율 : 19%)",0.7,LTV 30%~70%,20240722,,0,아파트,분할상환방식,변동금리,4.84,6.54,5.69,주택담보대출
35,202407,11320,푸본현대생명보험주식회사,102,푸본현대생명 주택담보대출(가계),모집인,"인지세 50%, 
주택채권매입비용(실비), 
근저당권말소및변경비용(해당시), 
확인서면비용(해당시)","일반상품 : 2.0% x (잔존일수/3년), 1.9% x (잔존일수/3년) 
단기상품 : 1.0% x (잔존일수/1년),최저 0.5%",0.0948,약정이자율+3.0%,0.7,최대 시세의 70% 까지,20200320,,0,아파트,분할상환방식,고정금리,5.38,6.94,6.48,주택담보대출
36,202407,11320,푸본현대생명보험주식회사,102,푸본현대생명 주택담보대출(가계),모집인,"인지세 50%, 
주택채권매입비용(실비), 
근저당권말소및변경비용(해당시), 
확인서면비용(해당시)","일반상품 : 2.0% x (잔존일수/3년), 1.9% x (잔존일수/3년) 
단기상품 : 1.0% x (잔존일수/1년),최저 0.5%",0.0858,약정이자율+3.0%,0.7,최대 시세의 70% 까지,20200320,,0,아파트,분할상환방식,변동금리,4.97,6.4,5.58,주택담보대출
37,202407,13174,농협손해보험주식회사,WR0001D,헤아림아파트론Ⅰ,영업점,"- 인지세 : 해당 세액의 50%
- 국민주택채권매입비
- 근저당권 말소비용","- 중도상환원금 X 1.2%(변동), 1.4%(고정) X (잔여기간/대출기간)
- 대출일로부터 1년 경과후 최초대출금액의 50%까지 면제
- 대출일로부터 3년 경과시 전액 면제",0.17,"- 연체기간에 관계없이 연체일수 X (채무자 대출금리 + 3%)÷365(윤년은 366)
- 지연배상금률이 연 17%를 초과하는 경우에는 연 17%를 적용",0.7,"LTV 30% ~ 70% 
 - 지역별 차등적용",20240718,,0,아파트,분할상환방식,고정금리,4.02,6.17,5.095,주택담보대출
38,202407,13174,농협손해보험주식회사,WR0001D,헤아림아파트론Ⅰ,영업점,"- 인지세 : 해당 세액의 50%
- 국민주택채권매입비
- 근저당권 말소비용","- 중도상환원금 X 1.2%(변동), 1.4%(고정) X (잔여기간/대출기간)
- 대출일로부터 1년 경과후 최초대출금액의 50%까지 면제
- 대출일로부터 3년 경과시 전액 면제",0.17,"- 연체기간에 관계없이 연체일수 X (채무자 대출금리 + 3%)÷365(윤년은 366)
- 지연배상금률이 연 17%를 초과하는 경우에는 연 17%를 적용",0.7,"LTV 30% ~ 70% 
 - 지역별 차등적용",20240718,,0,아파트,분할상환방식,변동금리,3.9,6.13,3.94,주택담보대출
39,202407,10001,우리은행,1054,우리아파트론,"영업점,모집인","- 인지세 : 해당세액의 50%(대출금액 5천만원 이하시 없음)
- 국민주택채권 매입 : 대출금액 × 120% × 1% × 채권할인율
- 주택신보출연료(신규 주택구입시에 한함) : 0.01~0.26%",#NAME?,0.12,"- 적용금리+ 3%
(최고연체이자율 : 12%)",0.7,LTV 30% ~70%,20240720,20250719,0,아파트,분할상환방식,고정금리,3.1,4.3,3.62,주택담보대출
40,202407,10001,우리은행,1054,우리아파트론,"영업점,모집인","- 인지세 : 해당세액의 50%(대출금액 5천만원 이하시 없음)
- 국민주택채권 매입 : 대출금액 × 120% × 1% × 채권할인율
- 주택신보출연료(신규 주택구입시에 한함) : 0.01~0.26%",#NAME?,0.12,"- 적용금리+ 3%
(최고연체이자율 : 12%)",0.7,LTV 30% ~70%,20240720,20250719,0,아파트,분할상환방식,변동금리,4.68,5.88,4.98,주택담보대출
41,202407,10001,우리은행,1054,우리아파트론,"영업점,모집인","- 인지세 : 해당세액의 50%(대출금액 5천만원 이하시 없음)
- 국민주택채권 매입 : 대출금액 × 120% × 1% × 채권할인율
- 주택신보출연료(신규 주택구입시에 한함) : 0.01~0.26%",#NAME?,0.12,"- 적용금리+ 3%
(최고연체이자율 : 12%)",0.7,LTV 30% ~70%,20240720,20250719,0,아파트,만기일시상환방식,변동금리,5.17,6.27,5.72,주택담보대출
42,202407,10001,우리은행,1055,우리부동산론,"영업점,모집인","- 인지세 : 해당세액의 50%(대출금액 5천만원 이하시 없음)
- 국민주택채권 매입 : 대출금액 × 120% × 1% × 채권할인율
- 주택신보출연료(신규 주택구입시에 한함) : 0.01~0.26%",#NAME?,0.12,"- 적용금리+ 3%
(최고연체이자율 : 12%)",0.7,LTV 30% ~70%,20240720,20250719,1,아파트외,분할상환방식,고정금리,3.35,4.55,3.97,주택담보대출
43,202407,10001,우리은행,1055,우리부동산론,"영업점,모집인","- 인지세 : 해당세액의 50%(대출금액 5천만원 이하시 없음)
- 국민주택채권 매입 : 대출금액 × 120% × 1% × 채권할인율
- 주택신보출연료(신규 주택구입시에 한함) : 0.01~0.26%",#NAME?,0.12,"- 적용금리+ 3%
(최고연체이자율 : 12%)",0.7,LTV 30% ~70%,20240720,20250719,1,아파트외,분할상환방식,변동금리,4.68,5.88,4.98,주택담보대출
44,202407,10001,우리은행,1055,우리부동산론,"영업점,모집인","- 인지세 : 해당세액의 50%(대출금액 5천만원 이하시 없음)
- 국민주택채권 매입 : 대출금액 × 120% × 1% × 채권할인율
- 주택신보출연료(신규 주택구입시에 한함) : 0.01~0.26%",#NAME?,0.12,"- 적용금리+ 3%
(최고연체이자율 : 12%)",0.7,LTV 30% ~70%,20240720,20250719,1,아파트외,만기일시상환방식,변동금리,5.17,6.27,5.72,주택담보대출
45,202407,10002,한국스탠다드차타드은행,SC002111SC002015,주택담보대출,영업점,"인지세 : 해당세액의 50% (대출금액 5천만원 이하 시 없음)
국민주택채권 매입 : 대출금액 * 110% * 1% * 채권할인율
화재보험료 : 아파트 및 주거용 오피스텔 외 물건지에 한함","조기상환원금 × 1.2% × [(3년-대출경과일수) / 3년]
매년 대출잔액의 10% 까지 중도상환수수료 면제",0.15,"대출금리 + 연 3%
(최고 연체이자율 : 연 15%)",15000000,"LTV 최대 80%
최대 대출한도 : 1,500백만원",20240719,,0,아파트,분할상환방식,고정금리,4.04,5.64,4.27,주택담보대출
46,202407,10002,한국스탠다드차타드은행,SC002111SC002015,주택담보대출,영업점,"인지세 : 해당세액의 50% (대출금액 5천만원 이하 시 없음)
국민주택채권 매입 : 대출금액 * 110% * 1% * 채권할인율
화재보험료 : 아파트 및 주거용 오피스텔 외 물건지에 한함","조기상환원금 × 1.2% × [(3년-대출경과일수) / 3년]
매년 대출잔액의 10% 까지 중도상환수수료 면제",0.15,"대출금리 + 연 3%
(최고 연체이자율 : 연 15%)",15000000,"LTV 최대 80%
최대 대출한도 : 1,500백만원",20240719,,0,아파트,분할상환방식,변동금리,4.08,5.58,4.44,주택담보대출
47,202407,10002,한국스탠다드차타드은행,SC002111SC002015,주택담보대출,영업점,"인지세 : 해당세액의 50% (대출금액 5천만원 이하 시 없음)
국민주택채권 매입 : 대출금액 * 110% * 1% * 채권할인율
화재보험료 : 아파트 및 주거용 오피스텔 외 물건지에 한함","조기상환원금 × 1.2% × [(3년-대출경과일수) / 3년]
매년 대출잔액의 10% 까지 중도상환수수료 면제",0.15,"대출금리 + 연 3%
(최고 연체이자율 : 연 15%)",15000000,"LTV 최대 80%
최대 대출한도 : 1,500백만원",20240719,,1,아파트외,분할상환방식,고정금리,4.19,5.79,4.44,주택담보대출
48,202407,10002,한국스탠다드차타드은행,SC002111SC002015,주택담보대출,영업점,"인지세 : 해당세액의 50% (대출금액 5천만원 이하 시 없음)
국민주택채권 매입 : 대출금액 * 110% * 1% * 채권할인율
화재보험료 : 아파트 및 주거용 오피스텔 외 물건지에 한함","조기상환원금 × 1.2% × [(3년-대출경과일수) / 3년]
매년 대출잔액의 10% 까지 중도상환수수료 면제",0.15,"대출금리 + 연 3%
(최고 연체이자율 : 연 15%)",15000000,"LTV 최대 80%
최대 대출한도 : 1,500백만원",20240719,,1,아파트외,분할상환방식,변동금리,4.23,5.73,4.59,주택담보대출
49,202407,10016,아이엠뱅크,2.03E+16,DGB 장기모기지론(생활),"영업점,모집인","1.인지세:해당세액의 50%
2.국민주택채권매입비용 : 대출금액×115%×1%×채권할인율",중도상환수수료×1.3%×(3년-대출경과일수)÷3년(일수),0.15,"○ 대출이자율 + 3.0%
○ 최고 연체이자율 : 15.0%",0.7,담보인정비율(LTV) 70%,20240720,20240831,0,아파트,분할상환방식,변동금리,4.11,5.21,4.66,주택담보대출
50,202407,10016,아이엠뱅크,2.03E+16,DGB 장기모기지론(생활),"영업점,모집인","1.인지세:해당세액의 50%
2.국민주택채권매입비용 : 대출금액×115%×1%×채권할인율",중도상환수수료×1.3%×(3년-대출경과일수)÷3년(일수),0.15,"○ 대출이자율 + 3.0%
○ 최고 연체이자율 : 15.0%",0.7,담보인정비율(LTV) 70%,20240720,20240831,1,아파트외,분할상환방식,변동금리,4.11,5.21,4.66,주택담보대출
51,202407,10016,아이엠뱅크,2.03E+16,IM주택담보대출_변동금리(생활),스마트폰,"1.인지세:해당세액의 50%
2.국민주택채권매입비용 : 대출금액×115%×1%×채권할인율",중도상환수수료×1.3%×(3년-대출경과일수)÷3년(일수),0.15,"○ 대출이자율 + 3.0%
○ 최고 연체이자율 : 15.0%",0.7,담보인정비율(LTV) 70%,20240720,20240831,0,아파트,분할상환방식,변동금리,4.11,5.01,4.35,주택담보대출
52,202407,10016,아이엠뱅크,2.03E+16,DGB HYBRID 모기지론(생활),"영업점,모집인","1.인지세:해당세액의 50%
2.국민주택채권매입비용 : 대출금액×115%×1%×채권할인율",중도상환수수료×1.5%×(3년-대출경과일수)÷3년(일수),0.15,"○ 대출이자율 + 3.0%
○ 최고 연체이자율 : 15.0%",0.7,담보인정비율(LTV) 70%,20240720,20240831,1,아파트외,분할상환방식,고정금리,3.56,4.66,4.09,주택담보대출
53,202407,10016,아이엠뱅크,2.03E+16,DGB HYBRID 모기지론(생활),"영업점,모집인","1.인지세:해당세액의 50%
2.국민주택채권매입비용 : 대출금액×115%×1%×채권할인율",중도상환수수료×1.5%×(3년-대출경과일수)÷3년(일수),0.15,"○ 대출이자율 + 3.0%
○ 최고 연체이자율 : 15.0%",0.7,담보인정비율(LTV) 70%,20240720,20240831,0,아파트,분할상환방식,고정금리,3.56,4.66,4.08,주택담보대출
54,202407,10016,아이엠뱅크,2.03E+16,IM주택담보대출_고정금리(생활),스마트폰,"1.인지세:해당세액의 50%
2.국민주택채권매입비용 : 대출금액×115%×1%×채권할인율",중도상환수수료×1.5%×(3년-대출경과일수)÷3년(일수),0.15,"○ 대출이자율 + 3.0%
○ 최고 연체이자율 : 15.0%",0.7,담보인정비율(LTV) 70%,20240720,20240831,0,아파트,분할상환방식,고정금리,3.56,4.46,3.79,주택담보대출
55,202407,10016,아이엠뱅크,2.05E+16,DGB 장기모기지론(구입),"영업점,모집인","1.인지세:해당세액의 50%
2.국민주택채권매입비용 : 대출금액×115%×1%×채권할인율",중도상환수수료×1.3%×(3년-대출경과일수)÷3년(일수),0.15,"○ 대출이자율 + 3.0%
○ 최고 연체이자율 : 15.0%",0.7,담보인정비율(LTV) 70%,20240720,20240831,0,아파트,분할상환방식,변동금리,4.11,5.21,4.66,주택담보대출
56,202407,10016,아이엠뱅크,2.05E+16,DGB 장기모기지론(구입),"영업점,모집인","1.인지세:해당세액의 50%
2.국민주택채권매입비용 : 대출금액×115%×1%×채권할인율",중도상환수수료×1.3%×(3년-대출경과일수)÷3년(일수),0.15,"○ 대출이자율 + 3.0%
○ 최고 연체이자율 : 15.0%",0.7,담보인정비율(LTV) 70%,20240720,20240831,1,아파트외,분할상환방식,변동금리,4.11,5.21,4.66,주택담보대출
57,202407,10016,아이엠뱅크,2.05E+16,IM주택담보대출_변동금리(구입),스마트폰,"1.인지세:해당세액의 50%
2.국민주택채권매입비용 : 대출금액×115%×1%×채권할인율",중도상환수수료×1.3%×(3년-대출경과일수)÷3년(일수),0.15,"○ 대출이자율 + 3.0%
○ 최고 연체이자율 : 15.0%",0.7,담보인정비율(LTV) 70%,20240720,20240831,0,아파트,분할상환방식,변동금리,4.11,5.01,4.56,주택담보대출
58,202407,10016,아이엠뱅크,2.05E+16,DGB HYBRID 모기지론(구입),"영업점,모집인","1.인지세:해당세액의 50%
2.국민주택채권매입비용 : 대출금액×115%×1%×채권할인율",중도상환수수료×1.5%×(3년-대출경과일수)÷3년(일수),0.15,"○ 대출이자율 + 3.0%
○ 최고 연체이자율 : 15.0%",0.7,담보인정비율(LTV) 70%,20240720,20240831,0,아파트,분할상환방식,고정금리,3.56,4.66,4.02,주택담보대출
59,202407,10016,아이엠뱅크,2.05E+16,DGB HYBRID 모기지론(구입),"영업점,모집인","1.인지세:해당세액의 50%
2.국민주택채권매입비용 : 대출금액×115%×1%×채권할인율",중도상환수수료×1.5%×(3년-대출경과일수)÷3년(일수),0.15,"○ 대출이자율 + 3.0%
○ 최고 연체이자율 : 15.0%",0.7,담보인정비율(LTV) 70%,20240720,20240831,1,아파트외,분할상환방식,고정금리,3.56,4.66,4.18,주택담보대출
60,202407,10016,아이엠뱅크,2.05E+16,IM주택담보대출_고정금리(구입),스마트폰,"1.인지세:해당세액의 50%
2.국민주택채권매입비용 : 대출금액×115%×1%×채권할인율",중도상환수수료×1.5%×(3년-대출경과일수)÷3년(일수),0.15,"○ 대출이자율 + 3.0%
○ 최고 연체이자율 : 15.0%",0.7,담보인정비율(LTV) 70%,20240720,20240831,0,아파트,분할상환방식,고정금리,3.56,4.46,3.93,주택담보대출
61,202407,10017,부산은행,519,BNK행복스케치 모기지론,"영업점,인터넷,스마트폰,모집인","1. 인지세 : 해당세액의 50%
2. 국민주택채권 매입비용 : 
대출금액 X 110 ~ 120% X 1% X 채권할인율","중도상환금액 X 1.30% X (대출잔여일수 ÷ 대출기간*)
*대출기간이 3년을 초과하는 경우 3년",0.15,"대출금리+3.0%
(최고 15.0%)",0.8,지역에 따라 담보인정비율(LTV) 최대 80% 이내,20240719,,0,아파트,분할상환방식,변동금리,4.21,5.61,4.91,주택담보대출
62,202407,10017,부산은행,519,BNK행복스케치 모기지론,"영업점,인터넷,스마트폰,모집인","1. 인지세 : 해당세액의 50%
2. 국민주택채권 매입비용 : 
대출금액 X 110 ~ 120% X 1% X 채권할인율","중도상환금액 X 1.30% X (대출잔여일수 ÷ 대출기간*)
*대출기간이 3년을 초과하는 경우 3년",0.15,"대출금리+3.0%
(최고 15.0%)",0.8,지역에 따라 담보인정비율(LTV) 최대 80% 이내,20240719,,0,아파트,만기일시상환방식,변동금리,4.21,5.61,4.91,주택담보대출
63,202407,10017,부산은행,519,BNK행복스케치 모기지론,"영업점,인터넷,스마트폰,모집인","1. 인지세 : 해당세액의 50%
2. 국민주택채권 매입비용 : 
대출금액 X 110 ~ 120% X 1% X 채권할인율","중도상환금액 X 1.30% X (대출잔여일수 ÷ 대출기간*)
*대출기간이 3년을 초과하는 경우 3년",0.15,"대출금리+3.0%
(최고 15.0%)",0.8,지역에 따라 담보인정비율(LTV) 최대 80% 이내,20240719,,1,아파트외,분할상환방식,변동금리,4.41,5.81,5.11,주택담보대출
64,202407,10017,부산은행,519,BNK행복스케치 모기지론,"영업점,인터넷,스마트폰,모집인","1. 인지세 : 해당세액의 50%
2. 국민주택채권 매입비용 : 
대출금액 X 110 ~ 120% X 1% X 채권할인율","중도상환금액 X 1.30% X (대출잔여일수 ÷ 대출기간*)
*대출기간이 3년을 초과하는 경우 3년",0.15,"대출금리+3.0%
(최고 15.0%)",0.8,지역에 따라 담보인정비율(LTV) 최대 80% 이내,20240719,,1,아파트외,만기일시상환방식,변동금리,4.41,5.81,5.11,주택담보대출
65,202407,10017,부산은행,599,BNK357금리안심모기지론,"영업점,인터넷,스마트폰,모집인","1. 인지세 : 해당세액의 50%
2. 국민주택채권 매입비용 : 
대출금액 X 110 ~ 120% X 1% X 채권할인율","중도상환금액 X 1.50% X (대출잔여일수 ÷ 대출기간*)
*대출기간이 3년을 초과하는 경우 3년",0.15,"대출금리+3.0%
(최고 15.0%)",0.8,지역에 따라 담보인정비율(LTV) 최대 80% 이내,20240719,,1,아파트외,만기일시상환방식,고정금리,3.5,4.8,4.15,주택담보대출
66,202407,10017,부산은행,599,BNK357금리안심모기지론,"영업점,인터넷,스마트폰,모집인","1. 인지세 : 해당세액의 50%
2. 국민주택채권 매입비용 : 
대출금액 X 110 ~ 120% X 1% X 채권할인율","중도상환금액 X 1.50% X (대출잔여일수 ÷ 대출기간*)
*대출기간이 3년을 초과하는 경우 3년",0.15,"대출금리+3.0%
(최고 15.0%)",0.8,지역에 따라 담보인정비율(LTV) 최대 80% 이내,20240719,,1,아파트외,분할상환방식,고정금리,3.25,4.55,3.99,주택담보대출
67,202407,10017,부산은행,599,BNK357금리안심모기지론,"영업점,인터넷,스마트폰,모집인","1. 인지세 : 해당세액의 50%
2. 국민주택채권 매입비용 : 
대출금액 X 110 ~ 120% X 1% X 채권할인율","중도상환금액 X 1.50% X (대출잔여일수 ÷ 대출기간*)
*대출기간이 3년을 초과하는 경우 3년",0.15,"대출금리+3.0%
(최고 15.0%)",0.8,지역에 따라 담보인정비율(LTV) 최대 80% 이내,20240719,,0,아파트,만기일시상환방식,고정금리,3.3,4.6,3.95,주택담보대출
68,202407,10017,부산은행,599,BNK357금리안심모기지론,"영업점,인터넷,스마트폰,모집인","1. 인지세 : 해당세액의 50%
2. 국민주택채권 매입비용 : 
대출금액 X 110 ~ 120% X 1% X 채권할인율","중도상환금액 X 1.50% X (대출잔여일수 ÷ 대출기간*)
*대출기간이 3년을 초과하는 경우 3년",0.15,"대출금리+3.0%
(최고 15.0%)",0.8,지역에 따라 담보인정비율(LTV) 최대 80% 이내,20240719,,0,아파트,분할상환방식,고정금리,3.05,4.35,3.82,주택담보대출
69,202407,10017,부산은행,718,BNK금리상한 모기지론,"영업점,인터넷,스마트폰,모집인","1. 인지세 : 해당세액의 50%
2. 국민주택채권 매입비용 : 
대출금액 X 110 ~ 120% X 1% X 채권할인율","중도상환금액 X 1.30% X (대출잔여일수 ÷ 대출기간*)
*대출기간이 3년을 초과하는 경우 3년",0.15,"대출금리+3.0%
(최고 15.0%)",0.8,지역에 따라 담보인정비율(LTV) 최대 80% 이내,20240719,,0,아파트,분할상환방식,변동금리,4.26,5.56,4.91,주택담보대출
70,202407,10017,부산은행,718,BNK금리상한 모기지론,"영업점,인터넷,스마트폰,모집인","1. 인지세 : 해당세액의 50%
2. 국민주택채권 매입비용 : 
대출금액 X 110 ~ 120% X 1% X 채권할인율","중도상환금액 X 1.30% X (대출잔여일수 ÷ 대출기간*)
*대출기간이 3년을 초과하는 경우 3년",0.15,"대출금리+3.0%
(최고 15.0%)",0.8,지역에 따라 담보인정비율(LTV) 최대 80% 이내,20240719,,1,아파트외,분할상환방식,변동금리,4.46,5.76,5.11,주택담보대출
71,202407,10019,광주은행,LN11010001301,광주은행아파트담보대출,영업점,1. 인지대 : 50%                                    2. 근저당권 설정비 중 고객 부담 항목 - 주택채권 매입비용 등,중도상환금액 × 중도상환수수료율 × (대출잔여일수 ÷ 대출기간)                              ※ 고정금리대출 : 1.5%                          ※ 변동금리대출 : 1.3%,0.15,적용금리 + 3% (최고 15%),0.7,담보인정비율(LTV) 70%,20240720,20240831,0,아파트,분할상환방식,고정금리,4.36,5.76,4.58,주택담보대출
72,202407,10019,광주은행,LN11010001301,광주은행아파트담보대출,영업점,1. 인지대 : 50%                                    2. 근저당권 설정비 중 고객 부담 항목 - 주택채권 매입비용 등,중도상환금액 × 중도상환수수료율 × (대출잔여일수 ÷ 대출기간)                              ※ 고정금리대출 : 1.5%                          ※ 변동금리대출 : 1.3%,0.15,적용금리 + 3% (최고 15%),0.7,담보인정비율(LTV) 70%,20240720,20240831,0,아파트,만기일시상환방식,고정금리,4.35,5.75,5.24,주택담보대출
73,202407,10019,광주은행,LN11010001301,광주은행아파트담보대출,영업점,1. 인지대 : 50%                                    2. 근저당권 설정비 중 고객 부담 항목 - 주택채권 매입비용 등,중도상환금액 × 중도상환수수료율 × (대출잔여일수 ÷ 대출기간)                              ※ 고정금리대출 : 1.5%                          ※ 변동금리대출 : 1.3%,0.15,적용금리 + 3% (최고 15%),0.7,담보인정비율(LTV) 70%,20240720,20240831,0,아파트,분할상환방식,변동금리,4.78,6.18,5.22,주택담보대출
74,202407,10019,광주은행,LN11010001301,광주은행아파트담보대출,영업점,1. 인지대 : 50%                                    2. 근저당권 설정비 중 고객 부담 항목 - 주택채권 매입비용 등,중도상환금액 × 중도상환수수료율 × (대출잔여일수 ÷ 대출기간)                              ※ 고정금리대출 : 1.5%                          ※ 변동금리대출 : 1.3%,0.15,적용금리 + 3% (최고 15%),0.7,담보인정비율(LTV) 70%,20240720,20240831,0,아파트,만기일시상환방식,변동금리,4.78,6.18,5.28,주택담보대출
75,202407,10019,광주은행,LN11010001302,광주은행기타주택담보대출,영업점,1. 인지대 : 50%                                    2. 근저당권 설정비 중 고객 부담 항목 - 주택채권 매입비용 등,중도상환금액 × 중도상환수수료율 × (대출잔여일수 ÷ 대출기간)                              ※ 고정금리대출 : 1.5%                          ※ 변동금리대출 : 1.3%,0.15,적용금리 + 3% (최고 15%),0.7,담보인정비율(LTV) 70%,20240720,20240831,1,아파트외,분할상환방식,고정금리,4.36,5.76,5.49,주택담보대출
76,202407,10019,광주은행,LN11010001302,광주은행기타주택담보대출,영업점,1. 인지대 : 50%                                    2. 근저당권 설정비 중 고객 부담 항목 - 주택채권 매입비용 등,중도상환금액 × 중도상환수수료율 × (대출잔여일수 ÷ 대출기간)                              ※ 고정금리대출 : 1.5%                          ※ 변동금리대출 : 1.3%,0.15,적용금리 + 3% (최고 15%),0.7,담보인정비율(LTV) 70%,20240720,20240831,1,아파트외,만기일시상환방식,고정금리,4.35,5.75,5.05,주택담보대출
77,202407,10019,광주은행,LN11010001302,광주은행기타주택담보대출,영업점,1. 인지대 : 50%                                    2. 근저당권 설정비 중 고객 부담 항목 - 주택채권 매입비용 등,중도상환금액 × 중도상환수수료율 × (대출잔여일수 ÷ 대출기간)                              ※ 고정금리대출 : 1.5%                          ※ 변동금리대출 : 1.3%,0.15,적용금리 + 3% (최고 15%),0.7,담보인정비율(LTV) 70%,20240720,20240831,1,아파트외,분할상환방식,변동금리,4.78,6.18,5.48,주택담보대출
78,202407,10019,광주은행,LN11010001302,광주은행기타주택담보대출,영업점,1. 인지대 : 50%                                    2. 근저당권 설정비 중 고객 부담 항목 - 주택채권 매입비용 등,중도상환금액 × 중도상환수수료율 × (대출잔여일수 ÷ 대출기간)                              ※ 고정금리대출 : 1.5%                          ※ 변동금리대출 : 1.3%,0.15,적용금리 + 3% (최고 15%),0.7,담보인정비율(LTV) 70%,20240720,20240831,1,아파트외,만기일시상환방식,변동금리,4.78,6.18,5.34,주택담보대출
79,202407,10019,광주은행,LN11010001544,KJB모바일 아파트대출,영업점,1. 인지대 : 50%                                    2. 근저당권 설정비 중 고객 부담 항목 - 주택채권 매입비용 등,중도상환금액 × 중도상환수수료율 × (대출잔여일수 ÷ 대출기간)                              ※ 고정금리대출 : 1.5%                          ※ 변동금리대출 : 1.3%,0.15,적용금리 + 3% (최고 15%),0.7,담보인정비율(LTV) 70%,20240720,20240831,0,아파트,분할상환방식,고정금리,4.76,5.76,4.17,주택담보대출
80,202407,10019,광주은행,LN11010001544,KJB모바일 아파트대출,영업점,1. 인지대 : 50%                                    2. 근저당권 설정비 중 고객 부담 항목 - 주택채권 매입비용 등,중도상환금액 × 중도상환수수료율 × (대출잔여일수 ÷ 대출기간)                              ※ 고정금리대출 : 1.5%                          ※ 변동금리대출 : 1.3%,0.15,적용금리 + 3% (최고 15%),0.7,담보인정비율(LTV) 70%,20240720,20240831,0,아파트,분할상환방식,변동금리,4.78,5.78,5.28,주택담보대출
81,202407,10019,광주은행,LN11010001578,(특판)KJB동거동락 아파트담보대출Ⅲ,영업점,1. 인지대 : 50%                                    2. 근저당권 설정비 중 고객 부담 항목 - 주택채권 매입비용 등,중도상환금액 × 중도상환수수료율 × (대출잔여일수 ÷ 대출기간)                              ※ 고정금리대출 : 1.5%                          ※ 변동금리대출 : 1.3%,0.15,적용금리 + 3% (최고 15%),0.7,담보인정비율(LTV) 70%,20240720,20240831,0,아파트,분할상환방식,변동금리,4.25,5.25,4.39,주택담보대출
82,202407,10020,제주은행,12106723,금리safe모기지론,영업점,"인지세 50%
주택채권매입비용","중도상환금액×1.3%×대출잔여일수/대출기간
3년경과시 면제",0.15,"적용금리+3%
최고적용 15%",0.7,감정가의 70%이내,20240720,,0,아파트,분할상환방식,고정금리,4.7,5.7,5.2,주택담보대출
83,202407,10020,제주은행,12106723,금리safe모기지론,영업점,"인지세 50%
주택채권매입비용","중도상환금액×1.3%×대출잔여일수/대출기간
3년경과시 면제",0.15,"적용금리+3%
최고적용 15%",0.7,감정가의 70%이내,20240720,,0,아파트,만기일시상환방식,고정금리,4.7,5.7,5.2,주택담보대출
84,202407,10020,제주은행,12106723,금리safe모기지론,영업점,"인지세 50%
주택채권매입비용","중도상환금액×1.3%×대출잔여일수/대출기간
3년경과시 면제",0.15,"적용금리+3%
최고적용 15%",0.7,감정가의 70%이내,20240720,,1,아파트외,분할상환방식,고정금리,4.7,5.7,5.2,주택담보대출
85,202407,10020,제주은행,12106723,금리safe모기지론,영업점,"인지세 50%
주택채권매입비용","중도상환금액×1.3%×대출잔여일수/대출기간
3년경과시 면제",0.15,"적용금리+3%
최고적용 15%",0.7,감정가의 70%이내,20240720,,1,아파트외,만기일시상환방식,고정금리,4.7,5.7,5.2,주택담보대출
86,202407,10020,제주은행,12107084,제주홈대출,영업점,"인지세 50%
주택채권매입비용","중도상환금액×1.3%×대출잔여일수/대출기간
3년경과시 면제",0.15,"적용금리+3%
최고적용 15%",0.7,감정가의 70%이내,20240720,,0,아파트,분할상환방식,변동금리,5.46,6.46,3.79,주택담보대출
87,202407,10020,제주은행,12107084,제주홈대출,영업점,"인지세 50%
주택채권매입비용","중도상환금액×1.3%×대출잔여일수/대출기간
3년경과시 면제",0.15,"적용금리+3%
최고적용 15%",0.7,감정가의 70%이내,20240720,,0,아파트,만기일시상환방식,변동금리,4.73,5.73,5.28,주택담보대출
88,202407,10020,제주은행,12107084,제주홈대출,영업점,"인지세 50%
주택채권매입비용","중도상환금액×1.3%×대출잔여일수/대출기간
3년경과시 면제",0.15,"적용금리+3%
최고적용 15%",0.7,감정가의 70%이내,20240720,,1,아파트외,분할상환방식,변동금리,5.46,6.46,4.51,주택담보대출
89,202407,10020,제주은행,12107084,제주홈대출,영업점,"인지세 50%
주택채권매입비용","중도상환금액×1.3%×대출잔여일수/대출기간
3년경과시 면제",0.15,"적용금리+3%
최고적용 15%",0.7,감정가의 70%이내,20240720,,1,아파트외,만기일시상환방식,변동금리,4.73,5.73,5.36,주택담보대출
90,202407,10020,제주은행,12109121,제주장기모기지론,영업점,"인지세 50%
주택채권매입비용","중도상환금액×1.3%×대출잔여일수/대출기간
3년경과시 면제",0.15,"적용금리+3%
최고적용 15%",0.7,감정가의 70%이내,20240720,,0,아파트,분할상환방식,변동금리,5.46,6.46,3.99,주택담보대출
91,202407,10020,제주은행,12109121,제주장기모기지론,영업점,"인지세 50%
주택채권매입비용","중도상환금액×1.3%×대출잔여일수/대출기간
3년경과시 면제",0.15,"적용금리+3%
최고적용 15%",0.7,감정가의 70%이내,20240720,,1,아파트외,분할상환방식,변동금리,5.46,6.46,4.1,주택담보대출
92,202407,10022,전북은행,WR0001A,JB해피홈론,"영업점,모집인","인지세:50%
주택채권매입:대출금액×120%×1%×할인율
화재보험료(아파트외)
주택신보출연료(주택구입)","상환금액×
수수료율(잔여일 1년미만 0.8%, 1년초과 1.8%)×
대출잔여일수÷대출기간(최장 3년)",0.15,"대출금리+3%
(최고 연체이자율:15%)",0.7,LTV 70%,20240720,20240819,0,아파트,분할상환방식,고정금리,3.85,5.95,4.53,주택담보대출
93,202407,10022,전북은행,WR0001A,JB해피홈론,"영업점,모집인","인지세:50%
주택채권매입:대출금액×120%×1%×할인율
화재보험료(아파트외)
주택신보출연료(주택구입)","상환금액×
수수료율(잔여일 1년미만 0.8%, 1년초과 1.8%)×
대출잔여일수÷대출기간(최장 3년)",0.15,"대출금리+3%
(최고 연체이자율:15%)",0.7,LTV 70%,20240720,20240819,0,아파트,분할상환방식,변동금리,5.04,7.14,6.09,주택담보대출
94,202407,10022,전북은행,WR0001A,JB해피홈론,"영업점,모집인","인지세:50%
주택채권매입:대출금액×120%×1%×할인율
화재보험료(아파트외)
주택신보출연료(주택구입)","상환금액×
수수료율(잔여일 1년미만 0.8%, 1년초과 1.8%)×
대출잔여일수÷대출기간(최장 3년)",0.15,"대출금리+3%
(최고 연체이자율:15%)",0.7,LTV 70%,20240720,20240819,0,아파트,만기일시상환방식,변동금리,4.64,6.74,5.67,주택담보대출
95,202407,10022,전북은행,WR0001B,BEST고정금리모기지론,"영업점,모집인","인지세:50%
주택채권매입:대출금액×120%×1%×할인율
화재보험료(아파트외)
주택신보출연료(주택구입)","상환금액×
수수료율(잔여일 1년미만 1%, 1년초과 2%)×
대출잔여일수÷대출기간(최장 3년)",0.15,"대출금리+3%
(최고 연체이자율:15%)",0.7,LTV 70%,20240720,20240819,0,아파트,분할상환방식,고정금리,4,6.8,5.4,주택담보대출
96,202407,10022,전북은행,WR0001B,BEST고정금리모기지론,"영업점,모집인","인지세:50%
주택채권매입:대출금액×120%×1%×할인율
화재보험료(아파트외)
주택신보출연료(주택구입)","상환금액×
수수료율(잔여일 1년미만 1%, 1년초과 2%)×
대출잔여일수÷대출기간(최장 3년)",0.15,"대출금리+3%
(최고 연체이자율:15%)",0.7,LTV 70%,20240720,20240819,0,아파트,만기일시상환방식,고정금리,3.94,6.74,5.34,주택담보대출
97,202407,10022,전북은행,WR0001C,JB우리집대출,스마트폰,"인지세:50%
주택채권매입:대출금액×120%×1%×할인율
화재보험료(아파트외)
주택신보출연료(주택구입)","상환금액×
수수료율(변동금리 0.8%, ,고정금리 1.0%)×
대출잔여일수÷대출기간(최장 3년)",0.15,"대출금리+3%
(최고 연체이자율:15%)",0.7,LTV 70%,20240720,20240819,0,아파트,분할상환방식,고정금리,3.85,5.95,4.02,주택담보대출
98,202407,10024,경남은행,30002130,집집마다 도움대출II,"영업점,모집인","인지세: 대출금액 구간별 해당 세액의 50%
[대출금 5천만원 미만시 면제]
국민주택채권매입비: 대출금 X 110% X 1% X 채권할인율
주택신보출연료(주택자금용도)","중도상환대출금 X 0.5~1.5% X (대출 잔여기간 / 대출 기간)
[취급후1년이내 1.5%, 취급후 2년이내 1%, 취급후 3년이내 0.5%, 단, 취급후 3년 경과시 면제, 최초 취급액의 10% 이내 면제]",0.07,대출금리+3.0%,0.8,LTV 80% 이내,20240720,,0,아파트,분할상환방식,고정금리,3.59,5.5,3.57,주택담보대출
99,202407,10024,경남은행,30002130,집집마다 도움대출II,"영업점,모집인","인지세: 대출금액 구간별 해당 세액의 50%
[대출금 5천만원 미만시 면제]
국민주택채권매입비: 대출금 X 110% X 1% X 채권할인율
주택신보출연료(주택자금용도)","중도상환대출금 X 0.5~1.5% X (대출 잔여기간 / 대출 기간)
[취급후1년이내 1.5%, 취급후 2년이내 1%, 취급후 3년이내 0.5%, 단, 취급후 3년 경과시 면제, 최초 취급액의 10% 이내 면제]",0.0772,대출금리+3.0%,0.8,LTV 80% 이내,20240720,,0,아파트,분할상환방식,변동금리,4.1,6.01,4.72,주택담보대출
100,202407,10024,경남은행,30002130,집집마다 도움대출II,"영업점,모집인","인지세: 대출금액 구간별 해당 세액의 50%
[대출금 5천만원 미만시 면제]
국민주택채권매입비: 대출금 X 110% X 1% X 채권할인율
주택신보출연료(주택자금용도)","중도상환대출금 X 0.5~1.5% X (대출 잔여기간 / 대출 기간)
[취급후1년이내 1.5%, 취급후 2년이내 1%, 취급후 3년이내 0.5%, 단, 취급후 3년 경과시 면제, 최초 취급액의 10% 이내 면제]",0.0872,대출금리+3.0%,0.8,LTV 80% 이내,20240720,,0,아파트,만기일시상환방식,변동금리,4.02,5.63,5.72,주택담보대출
101,202407,10024,경남은행,30002130,집집마다 도움대출II,"영업점,모집인","인지세: 대출금액 구간별 해당 세액의 50%
[대출금 5천만원 미만시 면제]
국민주택채권매입비: 대출금 X 110% X 1% X 채권할인율
주택신보출연료(주택자금용도)","중도상환대출금 X 0.5~1.5% X (대출 잔여기간 / 대출 기간)
[취급후1년이내 1.5%, 취급후 2년이내 1%, 취급후 3년이내 0.5%, 단, 취급후 3년 경과시 면제, 최초 취급액의 10% 이내 면제]",0.0671,대출금리+3.0%,0.8,LTV 80% 이내,20240720,,1,아파트외,분할상환방식,고정금리,3.58,5.52,3.71,주택담보대출
102,202407,10024,경남은행,30002130,집집마다 도움대출II,"영업점,모집인","인지세: 대출금액 구간별 해당 세액의 50%
[대출금 5천만원 미만시 면제]
국민주택채권매입비: 대출금 X 110% X 1% X 채권할인율
주택신보출연료(주택자금용도)","중도상환대출금 X 0.5~1.5% X (대출 잔여기간 / 대출 기간)
[취급후1년이내 1.5%, 취급후 2년이내 1%, 취급후 3년이내 0.5%, 단, 취급후 3년 경과시 면제, 최초 취급액의 10% 이내 면제]",0.0861,대출금리+3.0%,0.8,LTV 80% 이내,20240720,,1,아파트외,분할상환방식,변동금리,4.14,6.05,5.61,주택담보대출
103,202407,10024,경남은행,30002130,집집마다 도움대출II,"영업점,모집인","인지세: 대출금액 구간별 해당 세액의 50%
[대출금 5천만원 미만시 면제]
국민주택채권매입비: 대출금 X 110% X 1% X 채권할인율
주택신보출연료(주택자금용도)","중도상환대출금 X 0.5~1.5% X (대출 잔여기간 / 대출 기간)
[취급후1년이내 1.5%, 취급후 2년이내 1%, 취급후 3년이내 0.5%, 단, 취급후 3년 경과시 면제, 최초 취급액의 10% 이내 면제]",0.0805,대출금리+3.0%,0.8,LTV 80% 이내,20240720,,1,아파트외,만기일시상환방식,변동금리,4.05,5.65,5.05,주택담보대출
104,202407,10024,경남은행,30002497,BNK모바일주택담보대출,"영업점,모집인","인지세: 대출금액 구간별 해당 세액의 50%
[대출금 5천만원 미만시 면제]
국민주택채권매입비: 대출금 X 110% X 1% X 채권할인율
주택신보출연료(주택자금용도)","중도상환대출금 X 1% X (대출 잔여기간/대출 기간)
[단, 취급후3년 경과시 면제, 단, 최초 취급액의 10% 이내 면제]",0.0647,대출금리+3.0%,0.7,"LTV 70% 이내(KB시세 확인 가능한 아파트만 가능, 부,울,경 外 지역은 구입자금 취급 불가)",20240720,,0,아파트,분할상환방식,고정금리,3.46,4.07,3.47,주택담보대출
105,202407,10024,경남은행,30002497,BNK모바일주택담보대출,"영업점,모집인","인지세: 대출금액 구간별 해당 세액의 50%
[대출금 5천만원 미만시 면제]
국민주택채권매입비: 대출금 X 110% X 1% X 채권할인율
주택신보출연료(주택자금용도)","중도상환대출금 X 1% X (대출 잔여기간/대출 기간)
[단, 취급후3년 경과시 면제, 단, 최초 취급액의 10% 이내 면제]",0.0828,대출금리+3.0%,0.7,"LTV 70% 이내(KB시세 확인 가능한 아파트만 가능, 부,울,경 外 지역은 구입자금 취급 불가)",20240720,,0,아파트,분할상환방식,변동금리,4.64,5.24,5.28,주택담보대출
106,202407,10026,중소기업은행,212010144,IBK주택담보대출,"영업점,모집인","인지세 : 해당세액의 50%
국민주택채권 매입비용 : 대출금액 x 120% x 1% x 채권할인률
화재보험료(아파트외 물건지에 한함)","중도상환금액 x 수수료율* x (대출잔여일수 ÷ 대출기간)
  * 고정금리 1.2%, 변동금리 0.9%",0.11,대출금리 + 3.0%(최고 연체이자율 : 11%),0.7,LTV 70%,20240718,20250718,1,아파트외,만기일시상환방식,변동금리,4.82,5.22,5.09,주택담보대출
107,202407,10026,중소기업은행,212010144,IBK주택담보대출,"영업점,모집인","인지세 : 해당세액의 50%
국민주택채권 매입비용 : 대출금액 x 120% x 1% x 채권할인률
화재보험료(아파트외 물건지에 한함)","중도상환금액 x 수수료율* x (대출잔여일수 ÷ 대출기간)
  * 고정금리 1.2%, 변동금리 0.9%",0.11,대출금리 + 3.0%(최고 연체이자율 : 11%),0.7,LTV 70%,20240718,20250718,1,아파트외,분할상환방식,변동금리,5.3,5.7,5.48,주택담보대출
108,202407,10026,중소기업은행,212010144,IBK주택담보대출,"영업점,모집인","인지세 : 해당세액의 50%
국민주택채권 매입비용 : 대출금액 x 120% x 1% x 채권할인률
화재보험료(아파트외 물건지에 한함)","중도상환금액 x 수수료율* x (대출잔여일수 ÷ 대출기간)
  * 고정금리 1.2%, 변동금리 0.9%",0.11,대출금리 + 3.0%(최고 연체이자율 : 11%),0.7,LTV 70%,20240718,20250718,1,아파트외,만기일시상환방식,고정금리,4.55,4.95,5.26,주택담보대출
109,202407,10026,중소기업은행,212010144,IBK주택담보대출,"영업점,모집인","인지세 : 해당세액의 50%
국민주택채권 매입비용 : 대출금액 x 120% x 1% x 채권할인률
화재보험료(아파트외 물건지에 한함)","중도상환금액 x 수수료율* x (대출잔여일수 ÷ 대출기간)
  * 고정금리 1.2%, 변동금리 0.9%",0.11,대출금리 + 3.0%(최고 연체이자율 : 11%),0.7,LTV 70%,20240718,20250718,1,아파트외,분할상환방식,고정금리,3.46,4.76,3.83,주택담보대출
110,202407,10026,중소기업은행,212010144,IBK주택담보대출,"영업점,모집인","인지세 : 해당세액의 50%
국민주택채권 매입비용 : 대출금액 x 120% x 1% x 채권할인률
화재보험료(아파트외 물건지에 한함)","중도상환금액 x 수수료율* x (대출잔여일수 ÷ 대출기간)
  * 고정금리 1.2%, 변동금리 0.9%",0.11,대출금리 + 3.0%(최고 연체이자율 : 11%),0.7,LTV 70%,20240718,20250718,0,아파트,만기일시상환방식,변동금리,4.81,5.21,5.01,주택담보대출
111,202407,10026,중소기업은행,212010144,IBK주택담보대출,"영업점,모집인","인지세 : 해당세액의 50%
국민주택채권 매입비용 : 대출금액 x 120% x 1% x 채권할인률
화재보험료(아파트외 물건지에 한함)","중도상환금액 x 수수료율* x (대출잔여일수 ÷ 대출기간)
  * 고정금리 1.2%, 변동금리 0.9%",0.11,대출금리 + 3.0%(최고 연체이자율 : 11%),0.7,LTV 70%,20240718,20250718,0,아파트,분할상환방식,변동금리,5.29,5.69,6.17,주택담보대출
112,202407,10026,중소기업은행,212010144,IBK주택담보대출,"영업점,모집인","인지세 : 해당세액의 50%
국민주택채권 매입비용 : 대출금액 x 120% x 1% x 채권할인률
화재보험료(아파트외 물건지에 한함)","중도상환금액 x 수수료율* x (대출잔여일수 ÷ 대출기간)
  * 고정금리 1.2%, 변동금리 0.9%",0.11,대출금리 + 3.0%(최고 연체이자율 : 11%),0.7,LTV 70%,20240718,20250718,0,아파트,만기일시상환방식,고정금리,4.54,4.94,4.82,주택담보대출
113,202407,10026,중소기업은행,212010144,IBK주택담보대출,"영업점,모집인","인지세 : 해당세액의 50%
국민주택채권 매입비용 : 대출금액 x 120% x 1% x 채권할인률
화재보험료(아파트외 물건지에 한함)","중도상환금액 x 수수료율* x (대출잔여일수 ÷ 대출기간)
  * 고정금리 1.2%, 변동금리 0.9%",0.11,대출금리 + 3.0%(최고 연체이자율 : 11%),0.7,LTV 70%,20240718,20250718,0,아파트,분할상환방식,고정금리,3.72,5.02,3.71,주택담보대출
114,202407,10030,한국산업은행,1,"산은 주택대출
(생활자금)",기타,"* 구입자금 취급중단, 기존 주택담보대출 고객에 대한 추가 생활자금대출만 취급

- 인지세 : 해당세액의 50%
- 국민주택채권 매입비용","- 중도상환금액 × 중도상환수수료율* × (대출잔여일수 ÷ 대출기간** )
* 담보대출 : 고정금리 1.2%, 변동금리 0.9% / 신용대출 : 고정금리 0.8%, 변동금리 0.5%
**대출기간이 3년을 초과하는 경우 3년",0.15,"대출금리+3%
최고 이자율 : 15%",0.7,- LTV 70% 등,20240717,,1,아파트외,만기일시상환방식,변동금리,5.03,5.83,5.43,주택담보대출
115,202407,10030,한국산업은행,1,"산은 주택대출
(생활자금)",기타,"* 구입자금 취급중단, 기존 주택담보대출 고객에 대한 추가 생활자금대출만 취급

- 인지세 : 해당세액의 50%
- 국민주택채권 매입비용","- 중도상환금액 × 중도상환수수료율* × (대출잔여일수 ÷ 대출기간** )
* 담보대출 : 고정금리 1.2%, 변동금리 0.9% / 신용대출 : 고정금리 0.8%, 변동금리 0.5%
**대출기간이 3년을 초과하는 경우 3년",0.15,"대출금리+3%
최고 이자율 : 15%",0.7,- LTV 70% 등,20240717,,1,아파트외,분할상환방식,변동금리,4.97,5.87,5.42,주택담보대출
116,202407,10030,한국산업은행,1,"산은 주택대출
(생활자금)",기타,"* 구입자금 취급중단, 기존 주택담보대출 고객에 대한 추가 생활자금대출만 취급

- 인지세 : 해당세액의 50%
- 국민주택채권 매입비용","- 중도상환금액 × 중도상환수수료율* × (대출잔여일수 ÷ 대출기간** )
* 담보대출 : 고정금리 1.2%, 변동금리 0.9% / 신용대출 : 고정금리 0.8%, 변동금리 0.5%
**대출기간이 3년을 초과하는 경우 3년",0.15,"대출금리+3%
최고 이자율 : 15%",0.7,- LTV 70% 등,20240717,,1,아파트외,만기일시상환방식,고정금리,4.35,5.15,4.75,주택담보대출
117,202407,10030,한국산업은행,1,"산은 주택대출
(생활자금)",기타,"* 구입자금 취급중단, 기존 주택담보대출 고객에 대한 추가 생활자금대출만 취급

- 인지세 : 해당세액의 50%
- 국민주택채권 매입비용","- 중도상환금액 × 중도상환수수료율* × (대출잔여일수 ÷ 대출기간** )
* 담보대출 : 고정금리 1.2%, 변동금리 0.9% / 신용대출 : 고정금리 0.8%, 변동금리 0.5%
**대출기간이 3년을 초과하는 경우 3년",0.15,"대출금리+3%
최고 이자율 : 15%",0.7,- LTV 70% 등,20240717,,1,아파트외,분할상환방식,고정금리,4.74,5.64,5.19,주택담보대출
118,202407,10030,한국산업은행,1,"산은 주택대출
(생활자금)",기타,"* 구입자금 취급중단, 기존 주택담보대출 고객에 대한 추가 생활자금대출만 취급

- 인지세 : 해당세액의 50%
- 국민주택채권 매입비용","- 중도상환금액 × 중도상환수수료율* × (대출잔여일수 ÷ 대출기간** )
* 담보대출 : 고정금리 1.2%, 변동금리 0.9% / 신용대출 : 고정금리 0.8%, 변동금리 0.5%
**대출기간이 3년을 초과하는 경우 3년",0.15,"대출금리+3%
최고 이자율 : 15%",0.7,- LTV 70% 등,20240717,,0,아파트,만기일시상환방식,변동금리,5.03,5.83,5.43,주택담보대출
119,202407,10030,한국산업은행,1,"산은 주택대출
(생활자금)",기타,"* 구입자금 취급중단, 기존 주택담보대출 고객에 대한 추가 생활자금대출만 취급

- 인지세 : 해당세액의 50%
- 국민주택채권 매입비용","- 중도상환금액 × 중도상환수수료율* × (대출잔여일수 ÷ 대출기간** )
* 담보대출 : 고정금리 1.2%, 변동금리 0.9% / 신용대출 : 고정금리 0.8%, 변동금리 0.5%
**대출기간이 3년을 초과하는 경우 3년",0.15,"대출금리+3%
최고 이자율 : 15%",0.7,- LTV 70% 등,20240717,,0,아파트,분할상환방식,변동금리,4.97,5.87,5.42,주택담보대출
120,202407,10030,한국산업은행,1,"산은 주택대출
(생활자금)",기타,"* 구입자금 취급중단, 기존 주택담보대출 고객에 대한 추가 생활자금대출만 취급

- 인지세 : 해당세액의 50%
- 국민주택채권 매입비용","- 중도상환금액 × 중도상환수수료율* × (대출잔여일수 ÷ 대출기간** )
* 담보대출 : 고정금리 1.2%, 변동금리 0.9% / 신용대출 : 고정금리 0.8%, 변동금리 0.5%
**대출기간이 3년을 초과하는 경우 3년",0.15,"대출금리+3%
최고 이자율 : 15%",0.7,- LTV 70% 등,20240717,,0,아파트,만기일시상환방식,고정금리,4.35,5.15,4.75,주택담보대출
121,202407,10030,한국산업은행,1,"산은 주택대출
(생활자금)",기타,"* 구입자금 취급중단, 기존 주택담보대출 고객에 대한 추가 생활자금대출만 취급

- 인지세 : 해당세액의 50%
- 국민주택채권 매입비용","- 중도상환금액 × 중도상환수수료율* × (대출잔여일수 ÷ 대출기간** )
* 담보대출 : 고정금리 1.2%, 변동금리 0.9% / 신용대출 : 고정금리 0.8%, 변동금리 0.5%
**대출기간이 3년을 초과하는 경우 3년",0.15,"대출금리+3%
최고 이자율 : 15%",0.7,- LTV 70% 등,20240717,,0,아파트,분할상환방식,고정금리,4.74,5.64,5.19,주택담보대출
122,202407,10927,국민은행,KB200300000002,"KB주택담보대출변동
(일반자금)","영업점,모집인","ㅇ 인지세 : 해당세액의 50%
ㅇ 국민주택채권 매입 : 대출금액 × 120% × 1% × 채권할인율
ㅇ 화재보험료 (아파트 외 물건지에 한함)",중도상환금액 × 1.2% × (대출잔여일수 ÷ 3년),0.15,"대출금리+3.0%
최고연체이자율:15%",0.7,LTV 70%,20240718,,0,아파트,분할상환방식,변동금리,4.3,5.2,4.11,주택담보대출
123,202407,10927,국민은행,KB200300000002,"KB주택담보대출변동
(일반자금)","영업점,모집인","ㅇ 인지세 : 해당세액의 50%
ㅇ 국민주택채권 매입 : 대출금액 × 120% × 1% × 채권할인율
ㅇ 화재보험료 (아파트 외 물건지에 한함)",중도상환금액 × 1.2% × (대출잔여일수 ÷ 3년),0.15,"대출금리+3.0%
최고연체이자율:15%",0.7,LTV 70%,20240718,,0,아파트,만기일시상환방식,변동금리,3.93,4.83,3.9,주택담보대출
124,202407,10927,국민은행,KB200300000002,"KB주택담보대출변동
(일반자금)","영업점,모집인","ㅇ 인지세 : 해당세액의 50%
ㅇ 국민주택채권 매입 : 대출금액 × 120% × 1% × 채권할인율
ㅇ 화재보험료 (아파트 외 물건지에 한함)",중도상환금액 × 1.2% × (대출잔여일수 ÷ 3년),0.15,"대출금리+3.0%
최고연체이자율:15%",0.7,LTV 70%,20240718,,1,아파트외,분할상환방식,변동금리,4.3,5.2,4.12,주택담보대출
125,202407,10927,국민은행,KB200300000002,"KB주택담보대출변동
(일반자금)","영업점,모집인","ㅇ 인지세 : 해당세액의 50%
ㅇ 국민주택채권 매입 : 대출금액 × 120% × 1% × 채권할인율
ㅇ 화재보험료 (아파트 외 물건지에 한함)",중도상환금액 × 1.2% × (대출잔여일수 ÷ 3년),0.15,"대출금리+3.0%
최고연체이자율:15%",0.7,LTV 70%,20240718,,1,아파트외,만기일시상환방식,변동금리,3.93,4.83,4,주택담보대출
126,202407,10927,국민은행,KB200331100045,KB스타 아파트담보대출 혼합금리(주택자금),"영업점,모집인","ㅇ 인지세 : 해당세액의 50%
ㅇ 국민주택채권 매입 : 대출금액 × 120% × 1% × 채권할인율
ㅇ 화재보험료 (아파트 외 물건지에 한함)",중도상환금액 × 1.4% × (대출잔여일수 ÷ 3년),0.15,"대출금리+3.0%
최고연체이자율:15%",0.7,LTV 70%,20240718,,0,아파트,분할상환방식,고정금리,3.6,3.6,3.46,주택담보대출
127,202407,11625,신한은행,WR0001B,신한주택대출(아파트),"영업점,모집인","- 인지세: 해당세액의 50%(대출금액 5천만원 이하시 없음)
- 국민주택채권매입: 대출금액*120%*1%*채권할인율",#NAME?,0.15,"-1개월이내:대출금리+3%
-3개월이내:대출금리+3%
-3개월초과:대출금리+3%(최고연체이자율:15%)",1,0,20240718,,0,아파트,분할상환방식,변동금리,4.19,5.19,4.24,주택담보대출
128,202407,11625,신한은행,WR0001B,신한주택대출(아파트),"영업점,모집인","- 인지세: 해당세액의 50%(대출금액 5천만원 이하시 없음)
- 국민주택채권매입: 대출금액*120%*1%*채권할인율",#NAME?,0.15,"-1개월이내:대출금리+3%
-3개월이내:대출금리+3%
-3개월초과:대출금리+3%(최고연체이자율:15%)",1,0,20240718,,0,아파트,분할상환방식,고정금리,3.35,4.75,3.59,주택담보대출
129,202407,11625,신한은행,WR0001C,신한주택대출,"영업점,모집인","- 인지세: 해당세액의 50%(대출금액 5천만원 이하시 없음)
- 국민주택채권매입: 대출금액*120%*1%*채권할인율",#NAME?,0.15,"-1개월이내:대출금리+3%
-3개월이내:대출금리+3%
-3개월초과:대출금리+3%(최고연체이자율:15%)",1,0,20240718,,1,아파트외,분할상환방식,고정금리,3.45,4.85,3.83,주택담보대출
130,202407,11625,신한은행,WR0001C,신한주택대출,"영업점,모집인","- 인지세: 해당세액의 50%(대출금액 5천만원 이하시 없음)
- 국민주택채권매입: 대출금액*120%*1%*채권할인율",#NAME?,0.15,"-1개월이내:대출금리+3%
-3개월이내:대출금리+3%
-3개월초과:대출금리+3%(최고연체이자율:15%)",1,0,20240718,,1,아파트외,분할상환방식,변동금리,4.29,5.29,4.81,주택담보대출
131,202407,13175,농협은행주식회사,2.00E+12,NH주택담보대출,영업점,"1. 인지세
  - 해당 세액의 50%
2. 국민주택채권매입비용
  - 근저당권 설정금액 × 10 ÷ 1,000
3. 주택신보출연료","중도상환원금 × 적용요율 × (대출기간 - 경과일수) ÷ 대출기간
- 대출기간 : 3년을 초과하는 경우 3년
- 적용요율 : 고정금리 1.4%, 변동금리 1.2%",0.15,"연체기간에 관계없이 대출금리 + 3%
최대 연 15%",1,해당 주택의 담보평가금액에 따라 산출된 가능금액 이내,20240718,,0,아파트,분할상환방식,고정금리,4.08,6.58,4.74,주택담보대출
132,202407,13175,농협은행주식회사,2.00E+12,NH주택담보대출,영업점,"1. 인지세
  - 해당 세액의 50%
2. 국민주택채권매입비용
  - 근저당권 설정금액 × 10 ÷ 1,000
3. 주택신보출연료","중도상환원금 × 적용요율 × (대출기간 - 경과일수) ÷ 대출기간
- 대출기간 : 3년을 초과하는 경우 3년
- 적용요율 : 고정금리 1.4%, 변동금리 1.2%",0.15,"연체기간에 관계없이 대출금리 + 3%
최대 연 15%",1,해당 주택의 담보평가금액에 따라 산출된 가능금액 이내,20240718,,0,아파트,만기일시상환방식,고정금리,4.6,6.8,5.7,주택담보대출
133,202407,13175,농협은행주식회사,2.00E+12,NH주택담보대출,영업점,"1. 인지세
  - 해당 세액의 50%
2. 국민주택채권매입비용
  - 근저당권 설정금액 × 10 ÷ 1,000
3. 주택신보출연료","중도상환원금 × 적용요율 × (대출기간 - 경과일수) ÷ 대출기간
- 대출기간 : 3년을 초과하는 경우 3년
- 적용요율 : 고정금리 1.4%, 변동금리 1.2%",0.15,"연체기간에 관계없이 대출금리 + 3%
최대 연 15%",1,해당 주택의 담보평가금액에 따라 산출된 가능금액 이내,20240718,,0,아파트,분할상환방식,변동금리,4.42,6.92,4.77,주택담보대출
134,202407,13175,농협은행주식회사,2.00E+12,NH주택담보대출,영업점,"1. 인지세
  - 해당 세액의 50%
2. 국민주택채권매입비용
  - 근저당권 설정금액 × 10 ÷ 1,000
3. 주택신보출연료","중도상환원금 × 적용요율 × (대출기간 - 경과일수) ÷ 대출기간
- 대출기간 : 3년을 초과하는 경우 3년
- 적용요율 : 고정금리 1.4%, 변동금리 1.2%",0.15,"연체기간에 관계없이 대출금리 + 3%
최대 연 15%",1,해당 주택의 담보평가금액에 따라 산출된 가능금액 이내,20240718,,0,아파트,만기일시상환방식,변동금리,3.79,6.29,5.04,주택담보대출
135,202407,13175,농협은행주식회사,2.00E+12,NH주택담보대출,영업점,"1. 인지세
  - 해당 세액의 50%
2. 국민주택채권매입비용
  - 근저당권 설정금액 × 10 ÷ 1,000
3. 주택신보출연료","중도상환원금 × 적용요율 × (대출기간 - 경과일수) ÷ 대출기간
- 대출기간 : 3년을 초과하는 경우 3년
- 적용요율 : 고정금리 1.4%, 변동금리 1.2%",0.15,"연체기간에 관계없이 대출금리 + 3%
최대 연 15%",1,해당 주택의 담보평가금액에 따라 산출된 가능금액 이내,20240718,,1,아파트외,분할상환방식,고정금리,4.08,6.58,4.26,주택담보대출
136,202407,13175,농협은행주식회사,2.00E+12,NH주택담보대출,영업점,"1. 인지세
  - 해당 세액의 50%
2. 국민주택채권매입비용
  - 근저당권 설정금액 × 10 ÷ 1,000
3. 주택신보출연료","중도상환원금 × 적용요율 × (대출기간 - 경과일수) ÷ 대출기간
- 대출기간 : 3년을 초과하는 경우 3년
- 적용요율 : 고정금리 1.4%, 변동금리 1.2%",0.15,"연체기간에 관계없이 대출금리 + 3%
최대 연 15%",1,해당 주택의 담보평가금액에 따라 산출된 가능금액 이내,20240718,,1,아파트외,만기일시상환방식,고정금리,3.68,5.88,4.78,주택담보대출
137,202407,13175,농협은행주식회사,2.00E+12,NH주택담보대출,영업점,"1. 인지세
  - 해당 세액의 50%
2. 국민주택채권매입비용
  - 근저당권 설정금액 × 10 ÷ 1,000
3. 주택신보출연료","중도상환원금 × 적용요율 × (대출기간 - 경과일수) ÷ 대출기간
- 대출기간 : 3년을 초과하는 경우 3년
- 적용요율 : 고정금리 1.4%, 변동금리 1.2%",0.15,"연체기간에 관계없이 대출금리 + 3%
최대 연 15%",1,해당 주택의 담보평가금액에 따라 산출된 가능금액 이내,20240718,,1,아파트외,분할상환방식,변동금리,4.42,6.92,4.89,주택담보대출
138,202407,13175,농협은행주식회사,2.00E+12,NH주택담보대출,영업점,"1. 인지세
  - 해당 세액의 50%
2. 국민주택채권매입비용
  - 근저당권 설정금액 × 10 ÷ 1,000
3. 주택신보출연료","중도상환원금 × 적용요율 × (대출기간 - 경과일수) ÷ 대출기간
- 대출기간 : 3년을 초과하는 경우 3년
- 적용요율 : 고정금리 1.4%, 변동금리 1.2%",0.15,"연체기간에 관계없이 대출금리 + 3%
최대 연 15%",1,해당 주택의 담보평가금액에 따라 산출된 가능금액 이내,20240718,,1,아파트외,만기일시상환방식,변동금리,3.79,6.29,5.04,주택담보대출
139,202407,13175,농협은행주식회사,2.00E+12,채움고정금리모기지론,영업점,"1. 인지세
  - 해당 세액의 50%
2. 국민주택채권매입비용
  - 근저당권 설정금액 × 10 ÷ 1,000
3. 주택신보출연료","중도상환원금 × 적용요율 × (대출기간 - 경과일수) ÷ 대출기간
- 대출기간 : 3년을 초과하는 경우 3년
- 적용요율 : 고정금리 1.4%, 변동금리 1.2%",0.15,"연체기간에 관계없이 대출금리 + 3%
최대 연 15%",1,해당 주택의 담보평가금액에 따라 산출된 가능금액 이내,20240718,,0,아파트,분할상환방식,고정금리,4.16,5.96,5.05,주택담보대출
140,202407,13175,농협은행주식회사,2.00E+12,채움고정금리모기지론,영업점,"1. 인지세
  - 해당 세액의 50%
2. 국민주택채권매입비용
  - 근저당권 설정금액 × 10 ÷ 1,000
3. 주택신보출연료","중도상환원금 × 적용요율 × (대출기간 - 경과일수) ÷ 대출기간
- 대출기간 : 3년을 초과하는 경우 3년
- 적용요율 : 고정금리 1.4%, 변동금리 1.2%",0.15,"연체기간에 관계없이 대출금리 + 3%
최대 연 15%",1,해당 주택의 담보평가금액에 따라 산출된 가능금액 이내,20240718,,1,아파트외,분할상환방식,고정금리,3.64,5.74,4.69,주택담보대출
141,202407,13909,하나은행,300411,하나원큐 주택담보대출,스마트폰,"1. 인지세 : 50%
2. 근저당 설정비 중 고객부담 항목
   - 주택채권매입비용 등","중도상환금액 × 중도상환해약금률* × ( 대출잔여일수 ÷ 대출기간** )
* 고정금리 1.4%, 변동금리 1.2% (단 비거치식 분할상환방식은  고정금리 1.3%, 변동금리 1.1%)
** 대출약정일로부터 최장 3년",0.15,적용금리+3% ( 최고 15% ),1,담보별 가용가 범위내,20240722,,1,아파트외,분할상환방식,변동금리,5.09,5.49,5.29,주택담보대출
142,202407,13909,하나은행,300411,하나원큐 주택담보대출,스마트폰,"1. 인지세 : 50%
2. 근저당 설정비 중 고객부담 항목
   - 주택채권매입비용 등","중도상환금액 × 중도상환해약금률* × ( 대출잔여일수 ÷ 대출기간** )
* 고정금리 1.4%, 변동금리 1.2% (단 비거치식 분할상환방식은  고정금리 1.3%, 변동금리 1.1%)
** 대출약정일로부터 최장 3년",0.15,적용금리+3% ( 최고 15% ),1,담보별 가용가 범위내,20240722,,1,아파트외,분할상환방식,고정금리,3.44,3.84,3.77,주택담보대출
143,202407,13909,하나은행,0300411-1,하나원큐 아파트론,스마트폰,"1. 인지세 : 50%
2. 근저당 설정비 중 고객부담 항목
   - 주택채권매입비용 등","중도상환금액 × 중도상환해약금률* × ( 대출잔여일수 ÷ 대출기간** )
* 고정금리 1.4%, 변동금리 1.2% (단 비거치식 분할상환방식은  고정금리 1.3%, 변동금리 1.1%)
** 대출약정일로부터 최장 3년",0.15,적용금리+3% ( 최고 15% ),1,담보별 가용가 범위내,20240722,,0,아파트,분할상환방식,고정금리,3.24,3.64,3.53,주택담보대출
144,202407,13909,하나은행,0300411-1,하나원큐 아파트론,스마트폰,"1. 인지세 : 50%
2. 근저당 설정비 중 고객부담 항목
   - 주택채권매입비용 등","중도상환금액 × 중도상환해약금률* × ( 대출잔여일수 ÷ 대출기간** )
* 고정금리 1.4%, 변동금리 1.2% (단 비거치식 분할상환방식은  고정금리 1.3%, 변동금리 1.1%)
** 대출약정일로부터 최장 3년",0.15,적용금리+3% ( 최고 15% ),1,담보별 가용가 범위내,20240722,,0,아파트,분할상환방식,변동금리,4.89,5.29,4.98,주택담보대출
145,202407,14674,주식회사 케이뱅크,1.02E+18,아파트담보대출(일반),스마트폰,"1. 인지세 - 해당세액의 50%
2. 근저당권 설정비 중 고객 부담 항목 
   - 주택채권 매입비용 등","중도상환금액*해약금요율
(1.40%)*(3년-대출실행 후 경과기간)/3년, 
대출 실행 3년 이후 면제",0.15,"적용금리+3%(최고 15%) 
단, 대출이자가 연 15% 이상일 경우
 연체이자 연 2%를 가산",1000000000,"LTV 최대 70%, 
신규 - 최대 2억원, 
대환 - 최대 10억원",20240718,20240818,0,아파트,분할상환방식,고정금리,3.5,3.5,3.62,주택담보대출
146,202407,14674,주식회사 케이뱅크,1.02E+18,아파트담보대출(일반),스마트폰,"1. 인지세 - 해당세액의 50%
2. 근저당권 설정비 중 고객 부담 항목 
   - 주택채권 매입비용 등","중도상환금액*해약금요율
(1.40%)*(3년-대출실행 후 경과기간)/3년, 
대출 실행 3년 이후 면제",0.15,"적용금리+3%(최고 15%) 
단, 대출이자가 연 15% 이상일 경우
 연체이자 연 2%를 가산",1000000000,"LTV 최대 70%, 
신규 - 최대 2억원, 
대환 - 최대 10억원",20240718,20240818,0,아파트,분할상환방식,변동금리,3.7,3.7,3.55,주택담보대출
147,202407,14674,주식회사 케이뱅크,1.02E+18,아파트담보대출(구입),스마트폰,"1. 인지세 - 해당세액의 50%
2. 근저당권 설정비 중 고객 부담 항목 
   - 주택채권 매입비용 등","중도상환금액*해약금요율
(1.40%)*(3년-대출실행 후 경과기간)/3년, 대출 실행 3년 이후 면제",0.15,"적용금리+3%(최고 15%) 
단, 대출이자가 연 15% 이상일 경우
 연체이자 연 2%를 가산",1000000000,"LTV 최대 70%, 
최대 10억원",20240718,20240818,0,아파트,분할상환방식,고정금리,3.81,3.81,3.98,주택담보대출
148,202407,14674,주식회사 케이뱅크,1.02E+18,아파트담보대출(구입),스마트폰,"1. 인지세 - 해당세액의 50%
2. 근저당권 설정비 중 고객 부담 항목 
   - 주택채권 매입비용 등","중도상환금액*해약금요율
(1.40%)*(3년-대출실행 후 경과기간)/3년, 대출 실행 3년 이후 면제",0.15,"적용금리+3%(최고 15%) 
단, 대출이자가 연 15% 이상일 경우
 연체이자 연 2%를 가산",1000000000,"LTV 최대 70%, 
최대 10억원",20240718,20240818,0,아파트,분할상환방식,변동금리,3.97,3.97,3.97,주택담보대출
149,202407,14807,수협은행,1167,SH으뜸모기지론,"영업점,모집인","1. 인지세 : 해당세액의 50%

2. 국민주택채권 매입비용 : 대출금액 X  120% X 1% X 채권할인율

3. 화재보험료 (아파트외 물건지에 한함)","중도상환금액 X 수수료율* X (대출잔여일수 / 대출기간**)

* 1.2%(고정금리인 경우 1.4%)
** 대출기간이 3년을 초과하는 경우 3년",0.0721,대출금리+연3%,0.7,담보인정비율(LTV) 최대 70%,20240716,,0,아파트,분할상환방식,고정금리,4.6,6.33,4.21,주택담보대출
150,202407,14807,수협은행,1167,SH으뜸모기지론,"영업점,모집인","1. 인지세 : 해당세액의 50%

2. 국민주택채권 매입비용 : 대출금액 X  120% X 1% X 채권할인율

3. 화재보험료 (아파트외 물건지에 한함)","중도상환금액 X 수수료율* X (대출잔여일수 / 대출기간**)

* 1.2%(고정금리인 경우 1.4%)
** 대출기간이 3년을 초과하는 경우 3년",0.0761,대출금리+연3%,0.7,담보인정비율(LTV) 최대 70%,20240716,,0,아파트,분할상환방식,변동금리,4.73,7.1,4.61,주택담보대출
151,202407,14807,수협은행,1167,SH으뜸모기지론,"영업점,모집인","1. 인지세 : 해당세액의 50%

2. 국민주택채권 매입비용 : 대출금액 X  120% X 1% X 채권할인율

3. 화재보험료 (아파트외 물건지에 한함)","중도상환금액 X 수수료율* X (대출잔여일수 / 대출기간**)

* 1.2%(고정금리인 경우 1.4%)
** 대출기간이 3년을 초과하는 경우 3년",0.0744,대출금리+연3%,0.7,담보인정비율(LTV) 최대 70%,20240716,,1,아파트외,분할상환방식,고정금리,4.6,6.34,4.44,주택담보대출
152,202407,14807,수협은행,1167,SH으뜸모기지론,"영업점,모집인","1. 인지세 : 해당세액의 50%

2. 국민주택채권 매입비용 : 대출금액 X  120% X 1% X 채권할인율

3. 화재보험료 (아파트외 물건지에 한함)","중도상환금액 X 수수료율* X (대출잔여일수 / 대출기간**)

* 1.2%(고정금리인 경우 1.4%)
** 대출기간이 3년을 초과하는 경우 3년",0.0769,대출금리+연3%,0.7,담보인정비율(LTV) 최대 70%,20240716,,1,아파트외,분할상환방식,변동금리,4.73,7.11,4.69,주택담보대출
153,202407,15130,주식회사 카카오뱅크,3005,주택담보대출,스마트폰,"- 인지세 : 해당세액의 50%(대출금액 5천만원 이하시 없음)
- 국민주택채권 본인부담금 : 대출금액×110%×1%×채권할인율",없음,0.15,"대출금리+3%
(최고 연체이자율 : 15%)",1000000000,최대 10억원,20240718,,0,아파트,분할상환방식,고정금리,3.42,4.07,3.76,주택담보대출
154,202407,15130,주식회사 카카오뱅크,3005,주택담보대출,스마트폰,"- 인지세 : 해당세액의 50%(대출금액 5천만원 이하시 없음)
- 국민주택채권 본인부담금 : 대출금액×110%×1%×채권할인율",없음,0.15,"대출금리+3%
(최고 연체이자율 : 15%)",1000000000,최대 10억원,20240718,,0,아파트,분할상환방식,변동금리,4.45,5.1,4.34,주택담보대출
155,202407,15130,주식회사 카카오뱅크,3005,주택담보대출,스마트폰,"- 인지세 : 해당세액의 50%(대출금액 5천만원 이하시 없음)
- 국민주택채권 본인부담금 : 대출금액×110%×1%×채권할인율",없음,0.15,"대출금리+3%
(최고 연체이자율 : 15%)",1000000000,최대 10억원,20240718,,1,아파트외,분할상환방식,고정금리,3.57,4.22,3.96,주택담보대출
156,202407,15130,주식회사 카카오뱅크,3005,주택담보대출,스마트폰,"- 인지세 : 해당세액의 50%(대출금액 5천만원 이하시 없음)
- 국민주택채권 본인부담금 : 대출금액×110%×1%×채권할인율",없음,0.15,"대출금리+3%
(최고 연체이자율 : 15%)",1000000000,최대 10억원,20240718,,1,아파트외,분할상환방식,변동금리,4.67,5.32,4.63,주택담보대출
157,202407,10346,오에스비저축은행,71712,해피홈론,인터넷,"-인지세:
해당금액의 고객과 은행이 각각 1/2부담(5천만원 이하 면제) 
-근저당권 설정 시 채권할인료 / 근저당권 해지 수수료(상환)","-중도상환금액x 2% x 대출잔여일수/대출기간
-3년 경과 후 : 없음",0.2,"약정금리+3%
(법정최고금리 최대 20%)",800000000,"LTV 70%, 최대 8억원",20240722,,0,아파트,분할상환방식,변동금리,7.3,10.86,9.08,주택담보대출
158,202407,10346,오에스비저축은행,71712,해피홈론,인터넷,"-인지세:
해당금액의 고객과 은행이 각각 1/2부담(5천만원 이하 면제) 
-근저당권 설정 시 채권할인료 / 근저당권 해지 수수료(상환)","-중도상환금액x 2% x 대출잔여일수/대출기간
-3년 경과 후 : 없음",0.2,"약정금리+3%
(법정최고금리 최대 20%)",800000000,"LTV 70%, 최대 8억원",20240722,,1,아파트외,분할상환방식,변동금리,7.3,10.86,9.08,주택담보대출
159,202407,10366,조은저축은행,760010,일반자금대출 중도금대출 (주택),영업점,#NAME?,"- 중도상환금액×[1%]×(대출잔여일수÷대출기간 총일수)
*단, 자납 또는 잔금대출로 인한 상환 시 면제",0.2,"약정금리 +3%
(20% 이내)",0.6,대출 건별로 상이하며 6월 기표된 주택중도금대출의 경우 호별 분양가의 60% 이내,20240722,,0,아파트,만기일시상환방식,변동금리,7.67,7.67,7.67,주택담보대출
160,202407,10370,에스비아이저축은행,710307,SBI주택대출,"영업점,인터넷","- 인지세 : 
고객, 금융회사 50%씩 부담
(5,000만원 
이하는 
해당사항없음)",- 상환금액*2%*대출잔여일수/대출약정기간(3년 이내 중도 상환시 적용),0.2,약정금리 + 3%p (법정최고금리 20% 이내),800000000,"- 아파트 시세(KB부동산, 한국부동산원)의 최대 70%, 최대 8억원 까지
(단, 담보물건지 지역 및 담보평가금액, 연소득금액 등에 따라 차등적용)",20240722,,0,아파트,분할상환방식,고정금리,6.96,11.16,6.74,주택담보대출
161,202407,10370,에스비아이저축은행,710307,SBI주택대출,"영업점,인터넷","- 인지세 : 
고객, 금융회사 50%씩 부담
(5,000만원 
이하는 
해당사항없음)",- 상환금액*2%*대출잔여일수/대출약정기간(3년 이내 중도 상환시 적용),0.2,약정금리 + 3%p (법정최고금리 20% 이내),800000000,"- 아파트 시세(KB부동산, 한국부동산원)의 최대 70%, 최대 8억원 까지
(단, 담보물건지 지역 및 담보평가금액, 연소득금액 등에 따라 차등적용)",20240722,,0,아파트,분할상환방식,변동금리,5.96,10.16,6.59,주택담보대출
162,202407,10378,바로저축은행,760269,중도금대출(주택),영업점,"인지세
(차주는 발생비용의 50% 부담)",0~2%,0.1024,약정금리 + 3%,0.7,"LTV : 40%~70%
(지역에 따라 차등)

DTI : 40%~60%
(차주에 따라 차등)",20240722,,0,아파트,만기일시상환방식,변동금리,7.24,7.24,7.24,주택담보대출
163,202407,10390,고려저축은행,760167,아파트담보대출,"영업점,모집인","-인지세 : 해당세액 x 50%
(대출금액 5천만원 이하시 없음)
- 채권할인료, 말소비용",#NAME?,,,1,70,20240722,,0,아파트,분할상환방식,변동금리,7.3,12.3,8.3,주택담보대출
164,202407,10391,국제저축은행,KJ76001,일반자금대출,영업점,"- 인지세 : 해당세액 × 50%(대출금액 5천만원 이하 없음)
- 국민주택채권 매입 : 대출금액 × 130% × 1% × 채권할인율",중도상환금액×2%이내×(대출잔여일수÷대출기간 총일수),0.1399,약정이율 +3.0%,0.7,LTV 70%,20240722,,0,아파트,분할상환방식,고정금리,6.97,15,10.985,주택담보대출
165,202407,10391,국제저축은행,KJ76001,일반자금대출,영업점,"- 인지세 : 해당세액 × 50%(대출금액 5천만원 이하 없음)
- 국민주택채권 매입 : 대출금액 × 130% × 1% × 채권할인율",중도상환금액×2%이내×(대출잔여일수÷대출기간 총일수),0.09,약정이율 +3.0%,0.7,LTV 70%,20240722,,0,아파트,만기일시상환방식,고정금리,6.97,15,6,주택담보대출
166,202407,10391,국제저축은행,KJ76001,일반자금대출,영업점,"- 인지세 : 해당세액 × 50%(대출금액 5천만원 이하 없음)
- 국민주택채권 매입 : 대출금액 × 130% × 1% × 채권할인율",중도상환금액×2%이내×(대출잔여일수÷대출기간 총일수),0.1399,약정이율 +3.0%,0.7,LTV 70%,20240722,,0,아파트,분할상환방식,변동금리,6.97,15,10.985,주택담보대출
167,202407,10391,국제저축은행,KJ76001,일반자금대출,영업점,"- 인지세 : 해당세액 × 50%(대출금액 5천만원 이하 없음)
- 국민주택채권 매입 : 대출금액 × 130% × 1% × 채권할인율",중도상환금액×2%이내×(대출잔여일수÷대출기간 총일수),0.1399,약정이율 +3.0%,0.7,LTV 70%,20240722,,0,아파트,만기일시상환방식,변동금리,6.97,15,10.985,주택담보대출
168,202407,10391,국제저축은행,KJ76001,일반자금대출,영업점,"- 인지세 : 해당세액 × 50%(대출금액 5천만원 이하 없음)
- 국민주택채권 매입 : 대출금액 × 130% × 1% × 채권할인율",중도상환금액×2%이내×(대출잔여일수÷대출기간 총일수),0.1499,약정이율 +3.0%,0.7,LTV 70%,20240722,,1,아파트외,분할상환방식,고정금리,8.97,15,11.985,주택담보대출
169,202407,10391,국제저축은행,KJ76001,일반자금대출,영업점,"- 인지세 : 해당세액 × 50%(대출금액 5천만원 이하 없음)
- 국민주택채권 매입 : 대출금액 × 130% × 1% × 채권할인율",중도상환금액×2%이내×(대출잔여일수÷대출기간 총일수),0.1499,약정이율 +3.0%,0.7,LTV 70%,20240722,,1,아파트외,만기일시상환방식,고정금리,8.97,15,11.985,주택담보대출
170,202407,10391,국제저축은행,KJ76001,일반자금대출,영업점,"- 인지세 : 해당세액 × 50%(대출금액 5천만원 이하 없음)
- 국민주택채권 매입 : 대출금액 × 130% × 1% × 채권할인율",중도상환금액×2%이내×(대출잔여일수÷대출기간 총일수),0.1499,약정이율 +3.0%,0.7,LTV 70%,20240722,,1,아파트외,분할상환방식,변동금리,8.97,15,11.985,주택담보대출
171,202407,10391,국제저축은행,KJ76001,일반자금대출,영업점,"- 인지세 : 해당세액 × 50%(대출금액 5천만원 이하 없음)
- 국민주택채권 매입 : 대출금액 × 130% × 1% × 채권할인율",중도상환금액×2%이내×(대출잔여일수÷대출기간 총일수),0.1499,약정이율 +3.0%,0.7,LTV 70%,20240722,,1,아파트외,만기일시상환방식,변동금리,8.97,15,11.985,주택담보대출
172,202407,10418,우리저축은행,760099,수성포레스트스위첸 중도금대출,기타,"-인지세:해당세액*50%
(5천만원이하
없음)",1,0.088,약정금리+3%,1,0.6,20240722,,0,아파트,만기일시상환방식,변동금리,5.8,5.8,5.8,주택담보대출
173,202407,10439,엠에스상호저축은행,760058,중도금대출(주택),영업점,-인지세: 해당세액 x 50%(대출금액 5천만원이하시 없음),#NAME?,,,0.6,- 분양가의 60%,20240722,,0,아파트,만기일시상환방식,변동금리,6.5,6.5,6.5,주택담보대출
174,202407,10460,평택저축은행,"PT0001,PT0002",주택담보대출,영업점,"1. 인지세 : 해당세액 × 50%(대출금액 5천만원 이하시 없음)
2. 화재보험료","중도상환금액×[0.5%~2.0%]×(대출잔여일수÷대출기간 총일수)
* 대출 취급 후 3년 경과시 면제",0.2,"약정금리+3%
(최고 연체이자율 : 연 20%)",800000000,"- LTV 70%
- DTI 60%
- DSR 50%
(최대 8억원)
(단, 투기(과열)지역 및 조정대상지역의 경우 별도 적용)",20240722,,0,아파트,분할상환방식,고정금리,9.22,12.61,10.915,주택담보대출
175,202407,10460,평택저축은행,"PT0001,PT0002",주택담보대출,영업점,"1. 인지세 : 해당세액 × 50%(대출금액 5천만원 이하시 없음)
2. 화재보험료","중도상환금액×[0.5%~2.0%]×(대출잔여일수÷대출기간 총일수)
* 대출 취급 후 3년 경과시 면제",0.2,"약정금리+3%
(최고 연체이자율 : 연 20%)",800000000,"- LTV 70%
- DTI 60%
- DSR 50%
(최대 8억원)
(단, 투기(과열)지역 및 조정대상지역의 경우 별도 적용)",20240722,,0,아파트,만기일시상환방식,고정금리,9.22,12.61,10.915,주택담보대출
176,202407,10460,평택저축은행,"PT0001,PT0002",주택담보대출,영업점,"1. 인지세 : 해당세액 × 50%(대출금액 5천만원 이하시 없음)
2. 화재보험료","중도상환금액×[0.5%~2.0%]×(대출잔여일수÷대출기간 총일수)
* 대출 취급 후 3년 경과시 면제",0.2,"약정금리+3%
(최고 연체이자율 : 연 20%)",800000000,"- LTV 70%
- DTI 60%
- DSR 50%
(최대 8억원)
(단, 투기(과열)지역 및 조정대상지역의 경우 별도 적용)",20240722,,0,아파트,분할상환방식,변동금리,9.22,12.61,10.915,주택담보대출
177,202407,10460,평택저축은행,"PT0001,PT0002",주택담보대출,영업점,"1. 인지세 : 해당세액 × 50%(대출금액 5천만원 이하시 없음)
2. 화재보험료","중도상환금액×[0.5%~2.0%]×(대출잔여일수÷대출기간 총일수)
* 대출 취급 후 3년 경과시 면제",0.2,"약정금리+3%
(최고 연체이자율 : 연 20%)",800000000,"- LTV 70%
- DTI 60%
- DSR 50%
(최대 8억원)
(단, 투기(과열)지역 및 조정대상지역의 경우 별도 적용)",20240722,,0,아파트,만기일시상환방식,변동금리,9.22,12.61,10.915,주택담보대출
178,202407,10460,평택저축은행,"PT0001,PT0002",주택담보대출,영업점,"1. 인지세 : 해당세액 × 50%(대출금액 5천만원 이하시 없음)
2. 화재보험료","중도상환금액×[0.5%~2.0%]×(대출잔여일수÷대출기간 총일수)
* 대출 취급 후 3년 경과시 면제",0.2,"약정금리+3%
(최고 연체이자율 : 연 20%)",800000000,"- LTV 70%
- DTI 60%
- DSR 50%
(최대 8억원)
(단, 투기(과열)지역 및 조정대상지역의 경우 별도 적용)",20240722,,1,아파트외,분할상환방식,고정금리,9.22,12.61,10.915,주택담보대출
179,202407,10460,평택저축은행,"PT0001,PT0002",주택담보대출,영업점,"1. 인지세 : 해당세액 × 50%(대출금액 5천만원 이하시 없음)
2. 화재보험료","중도상환금액×[0.5%~2.0%]×(대출잔여일수÷대출기간 총일수)
* 대출 취급 후 3년 경과시 면제",0.2,"약정금리+3%
(최고 연체이자율 : 연 20%)",800000000,"- LTV 70%
- DTI 60%
- DSR 50%
(최대 8억원)
(단, 투기(과열)지역 및 조정대상지역의 경우 별도 적용)",20240722,,1,아파트외,만기일시상환방식,고정금리,9.22,12.61,10.915,주택담보대출
180,202407,10460,평택저축은행,"PT0001,PT0002",주택담보대출,영업점,"1. 인지세 : 해당세액 × 50%(대출금액 5천만원 이하시 없음)
2. 화재보험료","중도상환금액×[0.5%~2.0%]×(대출잔여일수÷대출기간 총일수)
* 대출 취급 후 3년 경과시 면제",0.2,"약정금리+3%
(최고 연체이자율 : 연 20%)",800000000,"- LTV 70%
- DTI 60%
- DSR 50%
(최대 8억원)
(단, 투기(과열)지역 및 조정대상지역의 경우 별도 적용)",20240722,,1,아파트외,분할상환방식,변동금리,9.22,12.61,10.915,주택담보대출
181,202407,10460,평택저축은행,"PT0001,PT0002",주택담보대출,영업점,"1. 인지세 : 해당세액 × 50%(대출금액 5천만원 이하시 없음)
2. 화재보험료","중도상환금액×[0.5%~2.0%]×(대출잔여일수÷대출기간 총일수)
* 대출 취급 후 3년 경과시 면제",0.2,"약정금리+3%
(최고 연체이자율 : 연 20%)",800000000,"- LTV 70%
- DTI 60%
- DSR 50%
(최대 8억원)
(단, 투기(과열)지역 및 조정대상지역의 경우 별도 적용)",20240722,,1,아파트외,만기일시상환방식,변동금리,9.22,12.61,10.915,주택담보대출
182,202407,10463,안양저축은행,760011,일반자금대출,"영업점,모집인","인지세:해당세액 x 50%(대출금액 5천만원 이하시 없음)

국민주택채권매입: 대출금액 x 130% x 1% x 채권할인율",중도상환금액 x 2% x (대출잔여일수/대출기간 총일수),0.13,약정금리 + 연체가산이자율 최대 3%,0.7,"LTV 70%
단,투기(과열)지역 및 조정대상지역의 경우 별도적용",20240722,,0,아파트,분할상환방식,변동금리,9.52,9.52,9.52,주택담보대출
183,202407,10463,안양저축은행,760011,일반자금대출,"영업점,모집인","인지세:해당세액 x 50%(대출금액 5천만원 이하시 없음)

국민주택채권매입: 대출금액 x 130% x 1% x 채권할인율",중도상환금액 x 2% x (대출잔여일수/대출기간 총일수),0.1,약정금리 + 연체가산이자율 최대 3%,0.7,"LTV 70%
단,투기(과열)지역 및 조정대상지역의 경우 별도적용",20240722,,0,아파트,만기일시상환방식,고정금리,7,7,7,주택담보대출
184,202407,10467,융창저축은행,760001,부동산담보대출,"영업점,모집인","- 인지세 : 해당세액 × 50%(대출금액 5천만원 이하시 없음) 
- 화재보험료","- 중도상환금액×2%이내 차등적용×(대출잔여일수÷대출기간 총일수)
- 대출 취급 후 3년 경과시 면제",0.2,"약정금리+3%
(최고 연체이자율 : 연 20%)",0.85,"경우에 따라 
차등적용
(LTV 65%~85%)",20240722,,0,아파트,만기일시상환방식,고정금리,5.5,15.9,6,주택담보대출
185,202407,10471,페퍼저축은행,7.60E+11,페퍼홈론(원금균등_3개월변동) 페퍼홈론(원리금균등_3개월변동),"영업점,인터넷,스마트폰,모집인,전화(텔레뱅킹)","인지세의 50%
선순위 말소 비용
국민주택채권 할인료(설정시)","3년 이내 최대 2% 
(대출잔여일수에 
따라 차등적용)
* 예시 : 중도상환대출금액 X 중도상환수수료율 X (중도상환약정잔여일수 ÷ 중도상환약정일수)",0.2,약정이자율+연3% : (최고 연체이자율 : 연 20%),0.7,"LTV30% ~70% (지역별, 차주별 차등 적용)",20240722,,0,아파트,분할상환방식,변동금리,7.9,11.2,9.55,주택담보대출
186,202407,10471,페퍼저축은행,7.60E+11,페퍼홈론(원금균등_3개월변동) 페퍼홈론(원리금균등_3개월변동),"영업점,인터넷,스마트폰,모집인,전화(텔레뱅킹)","인지세의 50%
선순위 말소 비용
국민주택채권 할인료(설정시)","3년 이내 최대 2% 
(대출잔여일수에 
따라 차등적용)
* 예시 : 중도상환대출금액 X 중도상환수수료율 X (중도상환약정잔여일수 ÷ 중도상환약정일수)",0.2,약정이자율+연3% : (최고 연체이자율 : 연 20%),0.7,"LTV30% ~70% (지역별, 차주별 차등 적용)",20240722,,1,아파트외,분할상환방식,변동금리,7.9,11.7,9.8,주택담보대출
187,202407,10478,CK저축은행,760029,주택담보대출,영업점,#NAME?,"- 중도상환금액 × 2% × (대출잔여일수 ÷ 대출기간 총일수)
- 대출취급후 2년후 면제",0.2,"- 1개월 이하 : 약정금리+3%
- 3개월 이하 : 약정금리+3%
- 3개월 초과 : 약정금리+3%
(최고 연체이자율 : 연 20%)",0.7,LTV 70%,20240722,,1,아파트외,만기일시상환방식,변동금리,8,15,11.5,주택담보대출
188,202407,10478,CK저축은행,760029,주택담보대출,영업점,#NAME?,"- 중도상환금액 × 2% × (대출잔여일수 ÷ 대출기간 총일수)
- 대출취급후 2년후 면제",0.2,"- 1개월 이하 : 약정금리+3%
- 3개월 이하 : 약정금리+3%
- 3개월 초과 : 약정금리+3%
(최고 연체이자율 : 연 20%)",0.7,LTV 70%,20240722,,1,아파트외,분할상환방식,변동금리,8,15,11.5,주택담보대출
189,202407,10478,CK저축은행,760029,주택담보대출,영업점,#NAME?,"- 중도상환금액 × 2% × (대출잔여일수 ÷ 대출기간 총일수)
- 대출취급후 2년후 면제",0.2,"- 1개월 이하 : 약정금리+3%
- 3개월 이하 : 약정금리+3%
- 3개월 초과 : 약정금리+3%
(최고 연체이자율 : 연 20%)",0.7,LTV 70%,20240722,,1,아파트외,만기일시상환방식,고정금리,8,15,11.5,주택담보대출
190,202407,10478,CK저축은행,760029,주택담보대출,영업점,#NAME?,"- 중도상환금액 × 2% × (대출잔여일수 ÷ 대출기간 총일수)
- 대출취급후 2년후 면제",0.2,"- 1개월 이하 : 약정금리+3%
- 3개월 이하 : 약정금리+3%
- 3개월 초과 : 약정금리+3%
(최고 연체이자율 : 연 20%)",0.7,LTV 70%,20240722,,1,아파트외,분할상환방식,고정금리,8,15,11.5,주택담보대출
191,202407,10478,CK저축은행,760029,주택담보대출,영업점,#NAME?,"- 중도상환금액 × 2% × (대출잔여일수 ÷ 대출기간 총일수)
- 대출취급후 2년후 면제",0.2,"- 1개월 이하 : 약정금리+3%
- 3개월 이하 : 약정금리+3%
- 3개월 초과 : 약정금리+3%
(최고 연체이자율 : 연 20%)",0.7,LTV 70%,20240722,,0,아파트,만기일시상환방식,변동금리,8,15,6.38,주택담보대출
192,202407,10478,CK저축은행,760029,주택담보대출,영업점,#NAME?,"- 중도상환금액 × 2% × (대출잔여일수 ÷ 대출기간 총일수)
- 대출취급후 2년후 면제",0.2,"- 1개월 이하 : 약정금리+3%
- 3개월 이하 : 약정금리+3%
- 3개월 초과 : 약정금리+3%
(최고 연체이자율 : 연 20%)",0.7,LTV 70%,20240722,,0,아파트,분할상환방식,변동금리,8,15,11.5,주택담보대출
193,202407,10478,CK저축은행,760029,주택담보대출,영업점,#NAME?,"- 중도상환금액 × 2% × (대출잔여일수 ÷ 대출기간 총일수)
- 대출취급후 2년후 면제",0.2,"- 1개월 이하 : 약정금리+3%
- 3개월 이하 : 약정금리+3%
- 3개월 초과 : 약정금리+3%
(최고 연체이자율 : 연 20%)",0.7,LTV 70%,20240722,,0,아파트,만기일시상환방식,고정금리,8,15,6.5,주택담보대출
194,202407,10478,CK저축은행,760029,주택담보대출,영업점,#NAME?,"- 중도상환금액 × 2% × (대출잔여일수 ÷ 대출기간 총일수)
- 대출취급후 2년후 면제",0.2,"- 1개월 이하 : 약정금리+3%
- 3개월 이하 : 약정금리+3%
- 3개월 초과 : 약정금리+3%
(최고 연체이자율 : 연 20%)",0.7,LTV 70%,20240722,,0,아파트,분할상환방식,고정금리,8,15,11.5,주택담보대출
195,202407,10485,대명상호저축은행,401011,주택담보대출,"영업점,모집인","5,000만원 초과시 인지세50%부담","0.5~2, 중도상환금액×수수료율×대출잔여일수/대출기간",0.1,"약정금리+3%,",0.7,"KB부동산시세70, 감정가70",20240722,,0,아파트,분할상환방식,고정금리,7,13.79,7,주택담보대출
196,202407,10485,대명상호저축은행,401011,주택담보대출,"영업점,모집인","5,000만원 초과시 인지세50%부담","0.5~2, 중도상환금액×수수료율×대출잔여일수/대출기간",0.1,"약정금리+3%,",0.7,"KB부동산시세70, 감정가70",20240722,,0,아파트,만기일시상환방식,고정금리,7,13.79,7,주택담보대출
197,202407,10485,대명상호저축은행,401011,주택담보대출,"영업점,모집인","5,000만원 초과시 인지세50%부담","0.5~2, 중도상환금액×수수료율×대출잔여일수/대출기간",0.1,"약정금리+3%,",0.7,"KB부동산시세70, 감정가70",20240722,,0,아파트,분할상환방식,변동금리,7,13.79,7,주택담보대출
198,202407,10485,대명상호저축은행,401011,주택담보대출,"영업점,모집인","5,000만원 초과시 인지세50%부담","0.5~2, 중도상환금액×수수료율×대출잔여일수/대출기간",0.1,"약정금리+3%,",0.7,"KB부동산시세70, 감정가70",20240722,,0,아파트,만기일시상환방식,변동금리,7,13.79,7,주택담보대출
199,202407,10485,대명상호저축은행,401011,주택담보대출,"영업점,모집인","5,000만원 초과시 인지세50%부담","0.5~2, 중도상환금액×수수료율×대출잔여일수/대출기간",0.1,"약정금리+3%,",0.7,"KB부동산시세70, 감정가70",20240722,,1,아파트외,분할상환방식,고정금리,7,13.79,7,주택담보대출
200,202407,10485,대명상호저축은행,401011,주택담보대출,"영업점,모집인","5,000만원 초과시 인지세50%부담","0.5~2, 중도상환금액×수수료율×대출잔여일수/대출기간",0.1,"약정금리+3%,",0.7,"KB부동산시세70, 감정가70",20240722,,1,아파트외,만기일시상환방식,고정금리,7,13.79,7,주택담보대출
201,202407,10485,대명상호저축은행,401011,주택담보대출,"영업점,모집인","5,000만원 초과시 인지세50%부담","0.5~2, 중도상환금액×수수료율×대출잔여일수/대출기간",0.1,"약정금리+3%,",0.7,"KB부동산시세70, 감정가70",20240722,,1,아파트외,분할상환방식,변동금리,7,13.79,7,주택담보대출
202,202407,10485,대명상호저축은행,401011,주택담보대출,"영업점,모집인","5,000만원 초과시 인지세50%부담","0.5~2, 중도상환금액×수수료율×대출잔여일수/대출기간",0.1,"약정금리+3%,",0.7,"KB부동산시세70, 감정가70",20240722,,1,아파트외,만기일시상환방식,변동금리,7,13.79,7,주택담보대출
203,202407,10489,청주저축은행,760311,일반자금대출,"영업점,모집인","소비자 일부부담: 인지세 50%
소비자 전체부담
1. 주택채권매입비용
2. 근저당권 말소비용
3. 변경등기",중도상환금액×2%×(대출잔여일수/대출기간),0.24,"약정금리 + 3%
(최고 연체이자율 : 연 24%)",0.7,LTV 70%,20240722,,1,아파트외,만기일시상환방식,고정금리,4.8,13,7,주택담보대출
204,202407,10489,청주저축은행,760311,일반자금대출,"영업점,모집인","소비자 일부부담: 인지세 50%
소비자 전체부담
1. 주택채권매입비용
2. 근저당권 말소비용
3. 변경등기",중도상환금액×2%×(대출잔여일수/대출기간),0.24,"약정금리 + 3%
(최고 연체이자율 : 연 24%)",0.7,LTV 70%,20240722,,0,아파트,만기일시상환방식,고정금리,4.8,13,8.9,주택담보대출
205,202407,10492,한성저축은행,76-1011,부동산담보대출,영업점,"- 인지세 : 대출금 5천만원까지는 인지 비용이 없으며, 5천만원 초과시에 대출 금액별로 인지 비용이 차등부과(고객 50%부담) 
- 기존근저당권 설정등기의감액/말소 비용
- 기존근저당권 설정등기의주소변경 비용
- 확인 서면 비용(등기필증이 없는 경우)
- 국민주택채권매입비용","기한전상환대출금 * 중도상환수수료율 * 잔여일수 / 대출약정기간
※ 중도상환수수료율은 2% 이내 
※ 중도상환수수료기간은 1년 이내",0.09,정상금리+3%,0.7,시세 또는 감정가의 70%,20240722,,1,아파트외,만기일시상환방식,고정금리,6,12,6,주택담보대출
206,202407,10521,스타저축은행,760410,6개월변동금리적용 - APT론,영업점,"설정비 면제(국민주택 채권매입비 고객부담)
인지세법에서 정한 금액의 50%부담","기한전상환대출금액×기한전상환수수료율×대출잔여일수/대출약정기간

*기한전상환수수료율 -1년이내 2%, 2년이내 1%, 3년이내 0.5%",0.1081,○약정금리+3%,0.7,LTV 70%,20240722,,0,아파트,분할상환방식,고정금리,6.61,9,7.805,주택담보대출
207,202407,10521,스타저축은행,760410,6개월변동금리적용 - APT론,영업점,"설정비 면제(국민주택 채권매입비 고객부담)
인지세법에서 정한 금액의 50%부담","기한전상환대출금액×기한전상환수수료율×대출잔여일수/대출약정기간

*기한전상환수수료율 -1년이내 2%, 2년이내 1%, 3년이내 0.5%",0.1081,○약정금리+3%,0.7,LTV 70%,20240722,,0,아파트,만기일시상환방식,고정금리,6.61,9,7.805,주택담보대출
208,202407,10521,스타저축은행,760410,6개월변동금리적용 - APT론,영업점,"설정비 면제(국민주택 채권매입비 고객부담)
인지세법에서 정한 금액의 50%부담","기한전상환대출금액×기한전상환수수료율×대출잔여일수/대출약정기간

*기한전상환수수료율 -1년이내 2%, 2년이내 1%, 3년이내 0.5%",0.1081,○약정금리+3%,0.7,LTV 70%,20240722,,0,아파트,분할상환방식,변동금리,6.61,9,7.805,주택담보대출
209,202407,10521,스타저축은행,760410,6개월변동금리적용 - APT론,영업점,"설정비 면제(국민주택 채권매입비 고객부담)
인지세법에서 정한 금액의 50%부담","기한전상환대출금액×기한전상환수수료율×대출잔여일수/대출약정기간

*기한전상환수수료율 -1년이내 2%, 2년이내 1%, 3년이내 0.5%",0.1081,○약정금리+3%,0.7,LTV 70%,20240722,,0,아파트,만기일시상환방식,변동금리,6.61,9,7.805,주택담보대출
210,202407,10526,대한저축은행,760033,일반자금대출(주택담보),영업점,"- 인지세 : 해당세액 * 50% (대출금액 5천만원 이하시 없음)
- 설정비용 중 주택채권매입비용",- 중도상환금액 * [2.0%] * (대출잔여일수/대출기간 총일수),0.2,"- 약정금리+[3%]
- 최대 20% 제한",0.8,"70
(서민실소유자의 경우 최대 70%까지 / 생애최초주택구매자의 경우 최대 80%까지)",20240722,,0,아파트,만기일시상환방식,고정금리,7,9.5,8.25,주택담보대출
211,202407,10526,대한저축은행,760033,일반자금대출(주택담보),영업점,"- 인지세 : 해당세액 * 50% (대출금액 5천만원 이하시 없음)
- 설정비용 중 주택채권매입비용",- 중도상환금액 * [2.0%] * (대출잔여일수/대출기간 총일수),0.2,"- 약정금리+[3%]
- 최대 20% 제한",0.8,"70
(서민실소유자의 경우 최대 70%까지 / 생애최초주택구매자의 경우 최대 80%까지)",20240722,,1,아파트외,만기일시상환방식,고정금리,7,9.5,8.25,주택담보대출
212,202407,10534,스마트저축은행,WR0001O,중도금(주택)대출,"영업점,기타","-인지세(대출금액 5천만원 초과시 발생) : 해당세액 × 50%
-국민주택채권 매입금액 : 대출금액 × 130% × 1% × 채권할인율","최대 2% 이내
(기한전상환대출금액×[~2%]×대출잔여일수÷대출기간약정기간)
단, 잔여일수 및 약정기간은 최대 3년 이내로 적용",0.2,"대출금리 + 3% 
(단, 법정최고금리 연 20% 이내)",0.6,"총 분양가의 최대 60%
(사업장별로 상이)",20240722,,1,아파트외,만기일시상환방식,고정금리,6.97,6.97,6.97,주택담보대출
213,202407,10537,한국투자저축은행,760075,중도금대출_주택,"영업점,기타","- 인지세의 50% 
* 고객부담 인지세 : 5천만원초과~1억원 이하 (3만5천원), 1억원 초과 ~10억 이하 (7만 5천원)","- 기한전상환대출금액 × 기한전상환수수료율 × (대출잔여일수/대출약정기간)
- 최대 2.0%",0.2,"- 연체시 : 약정이자 + 연3%
* 연체이자율 상한 : 법정최고금리 연20%이내",1,사업장별로 대출한도 상이함,20240722,,0,아파트,만기일시상환방식,고정금리,6.5,7.59,6.19,주택담보대출
214,202407,10537,한국투자저축은행,760207,사업자 아파트 담보대출,"영업점,인터넷,전화(텔레뱅킹)","근저당권 관련 비용(국민주택채권매입비, 말소비용)

- 대출금 5천만원까지는 수입인지 비용이 없으며, 5천만원 초과시 대출 금액별 수입인지 비용 차등 부과
- 수입인지 비용은 각50%씩 고객과 저축은행이 부담","- 기한전상환대출금액 × 기한전상환수수료율 × (대출잔여일수/대출약정기간)
- 최대 2.0%",0.2,"- 연체시 : 약정이자 + 연3%
* 연체이자율 상한 : 법정최고금리 연20%이내",0.9,"KB 일반시세의 최고 90% (층, 면적 별 상이)",20240722,,0,아파트,만기일시상환방식,고정금리,6,14.8,9.89,주택담보대출
215,202407,10537,한국투자저축은행,760212,가계아파트담보대출,"영업점,인터넷,기타","- 인지세의 50% 
* 고객부담 인지세 : 5천만원초과~1억원 이하 (3만5천원), 1억원 초과 ~10억 이하 (7만 5천원)","- 기한전상환대출금액 × 기한전상환수수료율 × (대출잔여일수/대출약정기간)
- 최대 2.0%",0.2,"- 연체시 : 약정이자 + 연3%
* 연체이자율 상한 : 법정최고금리 연20%이내",0.8,감정가80%이내,20240722,,0,아파트,만기일시상환방식,고정금리,5.34,7.84,6.59,주택담보대출
216,202407,10537,한국투자저축은행,765001,부동산담보(주택),"영업점,모집인,기타","- 인지세의 50% 
* 고객부담 인지세 : 5천만원초과~1억원 이하 (3만5천원), 1억원 초과 ~10억 이하 (7만 5천원)","- 기한전상환대출금액 × 기한전상환수수료율 × (대출잔여일수/대출약정기간)
- 최대 2.0%",0.2,"- 연체시 : 약정이자 + 연3%
* 연체이자율 상한 : 법정최고금리 연20%이내",1,부동산 유형 및 지역에 따라 차등 적용,20240722,,0,아파트,만기일시상환방식,고정금리,6.13,12.18,9.155,주택담보대출
217,202407,10551,드림저축은행,760057,중도금대출(월수일시),영업점,"인지세:
해당세액 x 50%
(대출금액 5천만원 이하시 없음)",없음,0.2,"약정금리 +3%
(최고연체이자율: 연 20%)",0.6,"분양금액의
60% 이내",20240722,,0,아파트,만기일시상환방식,고정금리,5.5,13,7.2,주택담보대출
218,202407,10556,머스트삼일저축은행,760083,중도금대출,"영업점,기타",- 인지세 : 해당세액 × 50%(대출금액 5천만원 이하시 없음),-,0.2,약정이율+3%(최고연체이자율 20%),0.6,-분양금액 60%이내,20240722,,0,아파트,만기일시상환방식,변동금리,5.48,6.2,5.97,주택담보대출
219,202407,10556,머스트삼일저축은행,760083,중도금대출,"영업점,기타",- 인지세 : 해당세액 × 50%(대출금액 5천만원 이하시 없음),-,0.2,약정이율+3%(최고연체이자율 20%),0.6,-분양금액 60%이내,20240722,,0,아파트,만기일시상환방식,고정금리,7,7,7,주택담보대출
220,202407,10562,오성저축은행,760003,일반자금대출(월수원금균등),영업점,- 인지세 : 해당세액 × 50%(대출금액 5천만원 이하시 없음),"- 1년이내 : 중도상환금액*2.0%*대출잔여일수/대출기간 총일수
- 2년이내 : 중도상환금액*1.5%*대출잔여일수/대출기간 총일수
- 3년이내 : 중도상환금액*1.0%*대출잔여일수/대출기간 총일수",0.11,약정금리 +3%,1,0,20240722,,1,아파트외,분할상환방식,고정금리,7.5,7.5,7.5,주택담보대출
221,202407,10568,대원상호저축은행,760013,일반자금대출,영업점,"- 인지세 : 해당세액 × 50%(대출금액 5천만원 이하시 없음) 
- 국민주택채권 매입 : 대출금액 × 130% × 1% × 채권할인율",#NAME?,0.2,"- 전체기간 : 약정금리+3%
(최고 연체이자율 : 연 20%)",1,0,20240722,,0,아파트,분할상환방식,고정금리,7,10,8.5,주택담보대출
222,202407,10568,대원상호저축은행,760013,일반자금대출,영업점,"- 인지세 : 해당세액 × 50%(대출금액 5천만원 이하시 없음) 
- 국민주택채권 매입 : 대출금액 × 130% × 1% × 채권할인율",#NAME?,0.2,"- 전체기간 : 약정금리+3%
(최고 연체이자율 : 연 20%)",1,0,20240722,,0,아파트,만기일시상환방식,고정금리,7,10,8.5,주택담보대출
223,202407,10568,대원상호저축은행,760013,일반자금대출,영업점,"- 인지세 : 해당세액 × 50%(대출금액 5천만원 이하시 없음) 
- 국민주택채권 매입 : 대출금액 × 130% × 1% × 채권할인율",#NAME?,0.2,"- 전체기간 : 약정금리+3%
(최고 연체이자율 : 연 20%)",1,0,20240722,,0,아파트,분할상환방식,변동금리,7,10,8.5,주택담보대출
224,202407,10568,대원상호저축은행,760013,일반자금대출,영업점,"- 인지세 : 해당세액 × 50%(대출금액 5천만원 이하시 없음) 
- 국민주택채권 매입 : 대출금액 × 130% × 1% × 채권할인율",#NAME?,0.2,"- 전체기간 : 약정금리+3%
(최고 연체이자율 : 연 20%)",1,0,20240722,,0,아파트,만기일시상환방식,변동금리,7,10,8.5,주택담보대출
225,202407,10568,대원상호저축은행,760013,일반자금대출,영업점,"- 인지세 : 해당세액 × 50%(대출금액 5천만원 이하시 없음) 
- 국민주택채권 매입 : 대출금액 × 130% × 1% × 채권할인율",#NAME?,0.2,"- 전체기간 : 약정금리+3%
(최고 연체이자율 : 연 20%)",1,0,20240722,,1,아파트외,분할상환방식,고정금리,7,10,8.5,주택담보대출
226,202407,10568,대원상호저축은행,760013,일반자금대출,영업점,"- 인지세 : 해당세액 × 50%(대출금액 5천만원 이하시 없음) 
- 국민주택채권 매입 : 대출금액 × 130% × 1% × 채권할인율",#NAME?,0.2,"- 전체기간 : 약정금리+3%
(최고 연체이자율 : 연 20%)",1,0,20240722,,1,아파트외,만기일시상환방식,고정금리,7,10,8.5,주택담보대출
227,202407,10568,대원상호저축은행,760013,일반자금대출,영업점,"- 인지세 : 해당세액 × 50%(대출금액 5천만원 이하시 없음) 
- 국민주택채권 매입 : 대출금액 × 130% × 1% × 채권할인율",#NAME?,0.2,"- 전체기간 : 약정금리+3%
(최고 연체이자율 : 연 20%)",1,0,20240722,,1,아파트외,분할상환방식,변동금리,7,10,8.5,주택담보대출
228,202407,10568,대원상호저축은행,760013,일반자금대출,영업점,"- 인지세 : 해당세액 × 50%(대출금액 5천만원 이하시 없음) 
- 국민주택채권 매입 : 대출금액 × 130% × 1% × 채권할인율",#NAME?,0.2,"- 전체기간 : 약정금리+3%
(최고 연체이자율 : 연 20%)",1,0,20240722,,1,아파트외,만기일시상환방식,변동금리,7,10,8.5,주택담보대출
229,202407,10572,솔브레인저축은행,760005,일반자금대출(월수일시),영업점,인지세 : 해당세액 x 50%(대출금액 5천만원 이하시 없음),없음~2.0%,0.19,전기간 : 약정금리+3%,1,,20240722,,0,아파트,분할상환방식,고정금리,6.2,16.2,11.2,주택담보대출
230,202407,10572,솔브레인저축은행,760005,일반자금대출(월수일시),영업점,인지세 : 해당세액 x 50%(대출금액 5천만원 이하시 없음),없음~2.0%,0.192,전기간 : 약정금리+3%,1,,20240722,,0,아파트,만기일시상환방식,고정금리,6.2,16.2,11.2,주택담보대출
231,202407,10572,솔브레인저축은행,760006,일반자금대출(월수분할),영업점,인지세 : 해당세액 x 50%(대출금액 5천만원 이하시 없음),없음~2.0%,0.192,전기간 : 약정금리+3%,1,,20240722,,0,아파트,분할상환방식,고정금리,6.2,16.2,11.2,주택담보대출
232,202407,10572,솔브레인저축은행,760006,일반자금대출(월수분할),영업점,인지세 : 해당세액 x 50%(대출금액 5천만원 이하시 없음),없음~2.0%,0.192,전기간 : 약정금리+3%,1,,20240722,,0,아파트,만기일시상환방식,고정금리,6.2,16.2,11.2,주택담보대출
233,202407,10572,솔브레인저축은행,760007,일반자금대출(월수균등),영업점,인지세 : 해당세액 x 50%(대출금액 5천만원 이하시 없음),없음~2.0%,0.192,전기간 : 약정금리+3%,1,,20240722,,0,아파트,만기일시상환방식,고정금리,6.2,16.2,11.2,주택담보대출
234,202407,10572,솔브레인저축은행,760007,일반자금대출(월수균등),영업점,인지세 : 해당세액 x 50%(대출금액 5천만원 이하시 없음),없음~2.0%,0.192,전기간 : 약정금리+3%,1,,20240722,,0,아파트,분할상환방식,고정금리,6.2,16.2,11.2,주택담보대출
235,202407,10572,솔브레인저축은행,770002,가계종합통장대출,영업점,인지세 : 해당세액 x 50%(대출금액 5천만원 이하시 없음),없음~2.0%,0.192,전기간 : 약정금리+3%,1,,20240722,,0,아파트,분할상환방식,고정금리,6.2,16.2,11.2,주택담보대출
236,202407,10572,솔브레인저축은행,770002,가계종합통장대출,영업점,인지세 : 해당세액 x 50%(대출금액 5천만원 이하시 없음),없음~2.0%,0.192,전기간 : 약정금리+3%,1,,20240722,,0,아파트,만기일시상환방식,고정금리,6.2,16.2,11.2,주택담보대출
237,202407,10574,동원제일저축은행,760063,주택담보,영업점,"□ 인지세비용
인지세법에 의해 대출금 5천만원까지는 수입인지 비용이 없으며, 5천만원 초과시 대출금액별로 수입인지 비용이 차등부과, 수입인지 비용은 각50%씩 고객과 저축은행이 부담
-근저당 설정비용(신탁비용):은행부담
-근저당해지수수료:고객부담
-취급수수료:없음
-기타수수료:없음
-국민주택채권 매입비용:고객부담
-화재보험료:고객부담 
-감정평가료:은행부담","□ 기한전상환수수료율:
기업대출 : 2.0%이내,
가계대출 : 1.9%이내 
- 잔여일수에 따라 
차등적용
- 대출기한전상환수수료 
포함 연20.0% 이내
- 산식 
: 기한전대출상환금액 x
기한전상환수수료율 x
(대출잔여일수 ÷ 대출기간)
※ 단, 대출개시일로부터 
최대 3년이내 상환시 적용",0.2,"·대출금리 + 연3%
- 연체이자율
(지연배상금률)은 
법정 최고금리
(20.0%)를 초과하지
않습니다.",0.9,"□ KB시세 일반가의 
최대 90%
개인 : KB시세 일반가 
최대 70%
사업자 : 90%",20240722,,0,아파트,분할상환방식,고정금리,5,15,10,주택담보대출
238,202407,10574,동원제일저축은행,760063,주택담보,영업점,"□ 인지세비용
인지세법에 의해 대출금 5천만원까지는 수입인지 비용이 없으며, 5천만원 초과시 대출금액별로 수입인지 비용이 차등부과, 수입인지 비용은 각50%씩 고객과 저축은행이 부담
-근저당 설정비용(신탁비용):은행부담
-근저당해지수수료:고객부담
-취급수수료:없음
-기타수수료:없음
-국민주택채권 매입비용:고객부담
-화재보험료:고객부담 
-감정평가료:은행부담","□ 기한전상환수수료율:
기업대출 : 2.0%이내,
가계대출 : 1.9%이내 
- 잔여일수에 따라 
차등적용
- 대출기한전상환수수료 
포함 연20.0% 이내
- 산식 
: 기한전대출상환금액 x
기한전상환수수료율 x
(대출잔여일수 ÷ 대출기간)
※ 단, 대출개시일로부터 
최대 3년이내 상환시 적용",0.2,"·대출금리 + 연3%
- 연체이자율
(지연배상금률)은 
법정 최고금리
(20.0%)를 초과하지
않습니다.",0.9,"□ KB시세 일반가의 
최대 90%
개인 : KB시세 일반가 
최대 70%
사업자 : 90%",20240722,,0,아파트,만기일시상환방식,고정금리,5,15,10,주택담보대출
239,202407,10574,동원제일저축은행,760063,주택담보,영업점,"□ 인지세비용
인지세법에 의해 대출금 5천만원까지는 수입인지 비용이 없으며, 5천만원 초과시 대출금액별로 수입인지 비용이 차등부과, 수입인지 비용은 각50%씩 고객과 저축은행이 부담
-근저당 설정비용(신탁비용):은행부담
-근저당해지수수료:고객부담
-취급수수료:없음
-기타수수료:없음
-국민주택채권 매입비용:고객부담
-화재보험료:고객부담 
-감정평가료:은행부담","□ 기한전상환수수료율:
기업대출 : 2.0%이내,
가계대출 : 1.9%이내 
- 잔여일수에 따라 
차등적용
- 대출기한전상환수수료 
포함 연20.0% 이내
- 산식 
: 기한전대출상환금액 x
기한전상환수수료율 x
(대출잔여일수 ÷ 대출기간)
※ 단, 대출개시일로부터 
최대 3년이내 상환시 적용",0.2,"·대출금리 + 연3%
- 연체이자율
(지연배상금률)은 
법정 최고금리
(20.0%)를 초과하지
않습니다.",0.9,"□ KB시세 일반가의 
최대 90%
개인 : KB시세 일반가 
최대 70%
사업자 : 90%",20240722,,0,아파트,분할상환방식,변동금리,5,15,10,주택담보대출
240,202407,10574,동원제일저축은행,760063,주택담보,영업점,"□ 인지세비용
인지세법에 의해 대출금 5천만원까지는 수입인지 비용이 없으며, 5천만원 초과시 대출금액별로 수입인지 비용이 차등부과, 수입인지 비용은 각50%씩 고객과 저축은행이 부담
-근저당 설정비용(신탁비용):은행부담
-근저당해지수수료:고객부담
-취급수수료:없음
-기타수수료:없음
-국민주택채권 매입비용:고객부담
-화재보험료:고객부담 
-감정평가료:은행부담","□ 기한전상환수수료율:
기업대출 : 2.0%이내,
가계대출 : 1.9%이내 
- 잔여일수에 따라 
차등적용
- 대출기한전상환수수료 
포함 연20.0% 이내
- 산식 
: 기한전대출상환금액 x
기한전상환수수료율 x
(대출잔여일수 ÷ 대출기간)
※ 단, 대출개시일로부터 
최대 3년이내 상환시 적용",0.2,"·대출금리 + 연3%
- 연체이자율
(지연배상금률)은 
법정 최고금리
(20.0%)를 초과하지
않습니다.",0.9,"□ KB시세 일반가의 
최대 90%
개인 : KB시세 일반가 
최대 70%
사업자 : 90%",20240722,,0,아파트,만기일시상환방식,변동금리,5,15,10,주택담보대출
241,202407,10576,진주저축은행,760011,주택담보대출,영업점,"- 인지세
5천만원 초과시 인지세 발생(인지세법에서 정한 금액의 50%)","- 중도상환금액×2%×대출잔여일수÷대출기간 총일수
- 대출 취급 후 3년 경과시 면제",,,0.7,-LTV 40~70%,20240722,,0,아파트,분할상환방식,고정금리,6,10,8,주택담보대출
242,202407,10576,진주저축은행,760011,주택담보대출,영업점,"- 인지세
5천만원 초과시 인지세 발생(인지세법에서 정한 금액의 50%)","- 중도상환금액×2%×대출잔여일수÷대출기간 총일수
- 대출 취급 후 3년 경과시 면제",,,0.7,-LTV 40~70%,20240722,,0,아파트,만기일시상환방식,고정금리,6,10,8,주택담보대출
243,202407,10576,진주저축은행,760011,주택담보대출,영업점,"- 인지세
5천만원 초과시 인지세 발생(인지세법에서 정한 금액의 50%)","- 중도상환금액×2%×대출잔여일수÷대출기간 총일수
- 대출 취급 후 3년 경과시 면제",,,0.7,-LTV 40~70%,20240722,,0,아파트,분할상환방식,변동금리,6,10,8,주택담보대출
244,202407,10576,진주저축은행,760011,주택담보대출,영업점,"- 인지세
5천만원 초과시 인지세 발생(인지세법에서 정한 금액의 50%)","- 중도상환금액×2%×대출잔여일수÷대출기간 총일수
- 대출 취급 후 3년 경과시 면제",,,0.7,-LTV 40~70%,20240722,,0,아파트,만기일시상환방식,변동금리,6,10,8,주택담보대출
245,202407,10576,진주저축은행,760011,주택담보대출,영업점,"- 인지세
5천만원 초과시 인지세 발생(인지세법에서 정한 금액의 50%)","- 중도상환금액×2%×대출잔여일수÷대출기간 총일수
- 대출 취급 후 3년 경과시 면제",,,0.7,-LTV 40~70%,20240722,,1,아파트외,분할상환방식,고정금리,6,10,8,주택담보대출
246,202407,10576,진주저축은행,760011,주택담보대출,영업점,"- 인지세
5천만원 초과시 인지세 발생(인지세법에서 정한 금액의 50%)","- 중도상환금액×2%×대출잔여일수÷대출기간 총일수
- 대출 취급 후 3년 경과시 면제",,,0.7,-LTV 40~70%,20240722,,1,아파트외,만기일시상환방식,고정금리,6,10,8,주택담보대출
247,202407,10576,진주저축은행,760011,주택담보대출,영업점,"- 인지세
5천만원 초과시 인지세 발생(인지세법에서 정한 금액의 50%)","- 중도상환금액×2%×대출잔여일수÷대출기간 총일수
- 대출 취급 후 3년 경과시 면제",,,0.7,-LTV 40~70%,20240722,,1,아파트외,분할상환방식,변동금리,6,10,8,주택담보대출
248,202407,10576,진주저축은행,760011,주택담보대출,영업점,"- 인지세
5천만원 초과시 인지세 발생(인지세법에서 정한 금액의 50%)","- 중도상환금액×2%×대출잔여일수÷대출기간 총일수
- 대출 취급 후 3년 경과시 면제",,,0.7,-LTV 40~70%,20240722,,1,아파트외,만기일시상환방식,변동금리,6,10,8,주택담보대출
249,202407,11551,예가람저축은행,760007,일반자금대출(주택),"영업점,모집인,기타","- 인지세 : 해당세액 x 50%(대출금액 5천만원 이하시 없음)
- 말소비용",- 중도상환금액 x 2% x (대출잔여일수/대출기간 총일수),0.2,"- 약정금리 + 3%
(최고 연체이자율 : 연20%)",1,0,20240722,,1,아파트외,만기일시상환방식,고정금리,7.95,12.25,10.1,주택담보대출
250,202407,11551,예가람저축은행,760007,일반자금대출(주택),"영업점,모집인,기타","- 인지세 : 해당세액 x 50%(대출금액 5천만원 이하시 없음)
- 말소비용",- 중도상환금액 x 2% x (대출잔여일수/대출기간 총일수),0.2,"- 약정금리 + 3%
(최고 연체이자율 : 연20%)",1,0,20240722,,0,아파트,만기일시상환방식,고정금리,7.95,12.25,10.1,주택담보대출
251,202407,12120,삼호저축은행,760081,주택담보대출,영업점,"인지세 : 해당세액의50%
국민주택채권 매입 : 대출금액 x 120% x 1% x 채권할인율
화재보험료(아파트 외 물건지에 한함)","중도상환금액 x 2% x 
(대출잔여일수/대출기간총일수)",0.1329,대출금리+3%,0.7,LTV70%,20240722,,1,아파트외,만기일시상환방식,변동금리,5.2,15.38,10.29,주택담보대출
252,202407,12120,삼호저축은행,760081,주택담보대출,영업점,"인지세 : 해당세액의50%
국민주택채권 매입 : 대출금액 x 120% x 1% x 채권할인율
화재보험료(아파트 외 물건지에 한함)","중도상환금액 x 2% x 
(대출잔여일수/대출기간총일수)",0.1329,대출금리+3%,0.7,LTV70%,20240722,,1,아파트외,분할상환방식,변동금리,5.2,15.38,10.29,주택담보대출
253,202407,12120,삼호저축은행,760081,주택담보대출,영업점,"인지세 : 해당세액의50%
국민주택채권 매입 : 대출금액 x 120% x 1% x 채권할인율
화재보험료(아파트 외 물건지에 한함)","중도상환금액 x 2% x 
(대출잔여일수/대출기간총일수)",0.1329,대출금리+3%,0.7,LTV70%,20240722,,1,아파트외,만기일시상환방식,고정금리,5.2,15.38,10.29,주택담보대출
254,202407,12120,삼호저축은행,760081,주택담보대출,영업점,"인지세 : 해당세액의50%
국민주택채권 매입 : 대출금액 x 120% x 1% x 채권할인율
화재보험료(아파트 외 물건지에 한함)","중도상환금액 x 2% x 
(대출잔여일수/대출기간총일수)",0.1329,대출금리+3%,0.7,LTV70%,20240722,,1,아파트외,분할상환방식,고정금리,5.2,15.38,10.29,주택담보대출
255,202407,12120,삼호저축은행,760081,주택담보대출,영업점,"인지세 : 해당세액의50%
국민주택채권 매입 : 대출금액 x 120% x 1% x 채권할인율
화재보험료(아파트 외 물건지에 한함)","중도상환금액 x 2% x 
(대출잔여일수/대출기간총일수)",0.1329,대출금리+3%,0.7,LTV70%,20240722,,0,아파트,만기일시상환방식,변동금리,5.2,15.38,10.29,주택담보대출
256,202407,12120,삼호저축은행,760081,주택담보대출,영업점,"인지세 : 해당세액의50%
국민주택채권 매입 : 대출금액 x 120% x 1% x 채권할인율
화재보험료(아파트 외 물건지에 한함)","중도상환금액 x 2% x 
(대출잔여일수/대출기간총일수)",0.1329,대출금리+3%,0.7,LTV70%,20240722,,0,아파트,분할상환방식,변동금리,5.2,15.38,10.29,주택담보대출
257,202407,12120,삼호저축은행,760081,주택담보대출,영업점,"인지세 : 해당세액의50%
국민주택채권 매입 : 대출금액 x 120% x 1% x 채권할인율
화재보험료(아파트 외 물건지에 한함)","중도상환금액 x 2% x 
(대출잔여일수/대출기간총일수)",0.1329,대출금리+3%,0.7,LTV70%,20240722,,0,아파트,만기일시상환방식,고정금리,5.2,15.38,10.29,주택담보대출
258,202407,12120,삼호저축은행,760081,주택담보대출,영업점,"인지세 : 해당세액의50%
국민주택채권 매입 : 대출금액 x 120% x 1% x 채권할인율
화재보험료(아파트 외 물건지에 한함)","중도상환금액 x 2% x 
(대출잔여일수/대출기간총일수)",0.1329,대출금리+3%,0.7,LTV70%,20240722,,0,아파트,분할상환방식,고정금리,5.2,15.38,10.29,주택담보대출
259,202407,12840,대신저축은행,I212,대신홈론,"영업점,모집인","*인지세 : 대출금 5천만원까지는 수입인지 비용이 없으며, 5천만원 초과시 대출금액별로 차등 부과(50%씩 고객과 저축은행이 부담)

*국민주택채권 매입비용

*화재보험료","3년이내 2.0%, 단, 대출잔여기간 1개월미만 면제 
*산식=기한전상환대출금액x기한전상환수수료율x(대출잔여일수/대출약정기간)",0.1218,"*약정이율+3%
(최고12.18%이내)",0.7,"LTV 70%내
(지역별,차주별 차등 적용)",20240722,,0,아파트,분할상환방식,변동금리,6.96,8.58,7.77,주택담보대출
260,202407,12840,대신저축은행,I212,대신홈론,"영업점,모집인","*인지세 : 대출금 5천만원까지는 수입인지 비용이 없으며, 5천만원 초과시 대출금액별로 차등 부과(50%씩 고객과 저축은행이 부담)

*국민주택채권 매입비용

*화재보험료","3년이내 2.0%, 단, 대출잔여기간 1개월미만 면제 
*산식=기한전상환대출금액x기한전상환수수료율x(대출잔여일수/대출약정기간)",0.1218,"*약정이율+3%
(최고12.18%이내)",0.7,"LTV 70%내
(지역별,차주별 차등 적용)",20240722,,1,아파트외,분할상환방식,변동금리,7.66,9.08,8.37,주택담보대출
261,202407,12889,아이비케이저축은행,760087,주택담보대출,"영업점,모집인","인지세 : 해당세액×50%
(대출금액5천만원이하시없음)","중도상환금액×1.8%×(대출잔여일수÷대출기간 총일수)
단, 변동금리 일경우 0.1%를 차감
※ 대출취급 후 3년 경과시 면제",0.2,"대출이자율+3%(연체가산이자율)
(최고연체이자율 : 연20%)",0.7,"LTV 70%,
DTI 40%",20240722,,0,아파트,만기일시상환방식,고정금리,5.77,10.05,7.91,주택담보대출
262,202407,12889,아이비케이저축은행,760087,주택담보대출,"영업점,모집인","인지세 : 해당세액×50%
(대출금액5천만원이하시없음)","중도상환금액×1.8%×(대출잔여일수÷대출기간 총일수)
단, 변동금리 일경우 0.1%를 차감
※ 대출취급 후 3년 경과시 면제",0.2,"대출이자율+3%(연체가산이자율)
(최고연체이자율 : 연20%)",0.7,"LTV 70%,
DTI 40%",20240722,,1,아파트외,만기일시상환방식,고정금리,5.46,9.74,7.6,주택담보대출
263,202407,13002,비엔케이저축은행,BNK3652,중도금대출(주택),영업점,"대출금 5천만원까지는 없으며, 5천만원 초과시 대출 금액별로 수입인지 비용 차등 부과 
수입인지 비용은 각 50%씩 고객과 저축은행이 부담","기한전상환대출금 × 기한전상환수수료율(가계대출 : 1.8%) × 대출잔여일수 ÷ 대출기간
*면제조건 : 취급 후 3년 초과시 면제",0.1,약정금리+3%,800000000,"""감정가의 최대 80% 범위 내
(개인 : 최고 8억원)""",20240722,,0,아파트,만기일시상환방식,고정금리,5.8,7.2,6.71,주택담보대출
264,202407,13308,제이티친애저축은행,760494,원더풀부동산담보대출,기타,"● 인지세 : 고객과 저축은행이 50%씩 부담 
-5천만원이하 : 비과세
-5천만원초과~1억원이하:7만원(각3만5천원)
-1억 초과~10억 이하 :15만원(각7만5천원)
-10억 초과~ :35만원(각17만5천원)
●국민주택채권매입비용
●근저당권 해지 수수료
●담보물 화재보험료(가입 필요 시)
●감정료 착수비용(감정 필요 시)","- 2년미만 : 중도상환금액×2%×(대출잔여일수÷대출기간 총일수)
- 2년이상 3년미만 : 중도상환금액×1.5%×(대출잔여일수÷대출기간 총일수)
* 대출 취급 후 3년 경과시 면제",0.2,"약정금리+3% 
(최대 연 20% 이내)",800000000,"- LTV 80%
- DTI 60%
-최대 8억원
- 지역별, 차주별 차등적용",20240722,,1,아파트외,만기일시상환방식,변동금리,8.22,8.22,8.22,주택담보대출
265,202407,13308,제이티친애저축은행,760494,원더풀부동산담보대출,기타,"● 인지세 : 고객과 저축은행이 50%씩 부담 
-5천만원이하 : 비과세
-5천만원초과~1억원이하:7만원(각3만5천원)
-1억 초과~10억 이하 :15만원(각7만5천원)
-10억 초과~ :35만원(각17만5천원)
●국민주택채권매입비용
●근저당권 해지 수수료
●담보물 화재보험료(가입 필요 시)
●감정료 착수비용(감정 필요 시)","- 2년미만 : 중도상환금액×2%×(대출잔여일수÷대출기간 총일수)
- 2년이상 3년미만 : 중도상환금액×1.5%×(대출잔여일수÷대출기간 총일수)
* 대출 취급 후 3년 경과시 면제",0.2,"약정금리+3% 
(최대 연 20% 이내)",800000000,"- LTV 80%
- DTI 60%
-최대 8억원
- 지역별, 차주별 차등적용",20240722,,1,아파트외,분할상환방식,변동금리,8.22,8.22,8.22,주택담보대출
266,202407,13308,제이티친애저축은행,760494,원더풀부동산담보대출,기타,"● 인지세 : 고객과 저축은행이 50%씩 부담 
-5천만원이하 : 비과세
-5천만원초과~1억원이하:7만원(각3만5천원)
-1억 초과~10억 이하 :15만원(각7만5천원)
-10억 초과~ :35만원(각17만5천원)
●국민주택채권매입비용
●근저당권 해지 수수료
●담보물 화재보험료(가입 필요 시)
●감정료 착수비용(감정 필요 시)","- 2년미만 : 중도상환금액×2%×(대출잔여일수÷대출기간 총일수)
- 2년이상 3년미만 : 중도상환금액×1.5%×(대출잔여일수÷대출기간 총일수)
* 대출 취급 후 3년 경과시 면제",0.2,"약정금리+3% 
(최대 연 20% 이내)",800000000,"- LTV 80%
- DTI 60%
-최대 8억원
- 지역별, 차주별 차등적용",20240722,,1,아파트외,만기일시상환방식,고정금리,8.97,8.97,8.97,주택담보대출
267,202407,13308,제이티친애저축은행,760494,원더풀부동산담보대출,기타,"● 인지세 : 고객과 저축은행이 50%씩 부담 
-5천만원이하 : 비과세
-5천만원초과~1억원이하:7만원(각3만5천원)
-1억 초과~10억 이하 :15만원(각7만5천원)
-10억 초과~ :35만원(각17만5천원)
●국민주택채권매입비용
●근저당권 해지 수수료
●담보물 화재보험료(가입 필요 시)
●감정료 착수비용(감정 필요 시)","- 2년미만 : 중도상환금액×2%×(대출잔여일수÷대출기간 총일수)
- 2년이상 3년미만 : 중도상환금액×1.5%×(대출잔여일수÷대출기간 총일수)
* 대출 취급 후 3년 경과시 면제",0.2,"약정금리+3% 
(최대 연 20% 이내)",800000000,"- LTV 80%
- DTI 60%
-최대 8억원
- 지역별, 차주별 차등적용",20240722,,1,아파트외,분할상환방식,고정금리,8.97,8.97,8.97,주택담보대출
268,202407,13308,제이티친애저축은행,760494,원더풀부동산담보대출,기타,"● 인지세 : 고객과 저축은행이 50%씩 부담 
-5천만원이하 : 비과세
-5천만원초과~1억원이하:7만원(각3만5천원)
-1억 초과~10억 이하 :15만원(각7만5천원)
-10억 초과~ :35만원(각17만5천원)
●국민주택채권매입비용
●근저당권 해지 수수료
●담보물 화재보험료(가입 필요 시)
●감정료 착수비용(감정 필요 시)","- 2년미만 : 중도상환금액×2%×(대출잔여일수÷대출기간 총일수)
- 2년이상 3년미만 : 중도상환금액×1.5%×(대출잔여일수÷대출기간 총일수)
* 대출 취급 후 3년 경과시 면제",0.2,"약정금리+3% 
(최대 연 20% 이내)",800000000,"- LTV 80%
- DTI 60%
-최대 8억원
- 지역별, 차주별 차등적용",20240722,,0,아파트,만기일시상환방식,변동금리,7.72,7.72,7.72,주택담보대출
269,202407,13308,제이티친애저축은행,760494,원더풀부동산담보대출,기타,"● 인지세 : 고객과 저축은행이 50%씩 부담 
-5천만원이하 : 비과세
-5천만원초과~1억원이하:7만원(각3만5천원)
-1억 초과~10억 이하 :15만원(각7만5천원)
-10억 초과~ :35만원(각17만5천원)
●국민주택채권매입비용
●근저당권 해지 수수료
●담보물 화재보험료(가입 필요 시)
●감정료 착수비용(감정 필요 시)","- 2년미만 : 중도상환금액×2%×(대출잔여일수÷대출기간 총일수)
- 2년이상 3년미만 : 중도상환금액×1.5%×(대출잔여일수÷대출기간 총일수)
* 대출 취급 후 3년 경과시 면제",0.2,"약정금리+3% 
(최대 연 20% 이내)",800000000,"- LTV 80%
- DTI 60%
-최대 8억원
- 지역별, 차주별 차등적용",20240722,,0,아파트,분할상환방식,변동금리,7.72,7.72,7.72,주택담보대출
270,202407,13308,제이티친애저축은행,760494,원더풀부동산담보대출,기타,"● 인지세 : 고객과 저축은행이 50%씩 부담 
-5천만원이하 : 비과세
-5천만원초과~1억원이하:7만원(각3만5천원)
-1억 초과~10억 이하 :15만원(각7만5천원)
-10억 초과~ :35만원(각17만5천원)
●국민주택채권매입비용
●근저당권 해지 수수료
●담보물 화재보험료(가입 필요 시)
●감정료 착수비용(감정 필요 시)","- 2년미만 : 중도상환금액×2%×(대출잔여일수÷대출기간 총일수)
- 2년이상 3년미만 : 중도상환금액×1.5%×(대출잔여일수÷대출기간 총일수)
* 대출 취급 후 3년 경과시 면제",0.2,"약정금리+3% 
(최대 연 20% 이내)",800000000,"- LTV 80%
- DTI 60%
-최대 8억원
- 지역별, 차주별 차등적용",20240722,,0,아파트,만기일시상환방식,고정금리,8.47,8.47,8.47,주택담보대출
271,202407,13308,제이티친애저축은행,760494,원더풀부동산담보대출,기타,"● 인지세 : 고객과 저축은행이 50%씩 부담 
-5천만원이하 : 비과세
-5천만원초과~1억원이하:7만원(각3만5천원)
-1억 초과~10억 이하 :15만원(각7만5천원)
-10억 초과~ :35만원(각17만5천원)
●국민주택채권매입비용
●근저당권 해지 수수료
●담보물 화재보험료(가입 필요 시)
●감정료 착수비용(감정 필요 시)","- 2년미만 : 중도상환금액×2%×(대출잔여일수÷대출기간 총일수)
- 2년이상 3년미만 : 중도상환금액×1.5%×(대출잔여일수÷대출기간 총일수)
* 대출 취급 후 3년 경과시 면제",0.2,"약정금리+3% 
(최대 연 20% 이내)",800000000,"- LTV 80%
- DTI 60%
-최대 8억원
- 지역별, 차주별 차등적용",20240722,,0,아파트,분할상환방식,고정금리,8.47,8.47,8.47,주택담보대출
272,202407,13351,오케이저축은행,760047,일대일시-중도금대출,영업점,- 인지세 : 해당세액 × 50%(대출금액 5천만원 이하시 없음),"2% 이내로 개별 약정에 따름
- 중도상환수수료 부과기간 최대 3년",0.1999,"약정금리+연3%가산
(최고 연 19.99%)",0.6,60%이내로 사업장별 상이,20240722,,0,아파트,만기일시상환방식,변동금리,6.25,19.99,6.25,주택담보대출
273,202407,13351,오케이저축은행,760403,OK모기지론,"영업점,모집인,전화(텔레뱅킹)","- 인지세 : 해당세액 × 50%(대출금액 5천만원 이하시 없음)
- 국민주택채권 매입비 : 대출금액 × 120% × 1% × 채권할인율","1. 고정금리일 경우 : 중도상환금액 × 2% × (대출잔여일수/대출기간)
2. 변동금리일 경우 : 중도상환금액 × 1.9% × (대출잔여일수/대출기간)
- 중도상환수수료 부과기간 최대 3년",0.1999,"약정금리+연3%가산
(최고 연 19.99%)",800000000,"1. 규제지역별 LTV한도 차등적용
- 투기지역 및 투기과열지구 최대 LTV 50%
- 조정대상지역 최대 LTV 50%
- 비규제지역 최대 LTV 70%
2. 최대 8억원",20240722,,0,아파트,분할상환방식,고정금리,7.86,8.66,8.26,주택담보대출
274,202407,13351,오케이저축은행,760403,OK모기지론,"영업점,모집인,전화(텔레뱅킹)","- 인지세 : 해당세액 × 50%(대출금액 5천만원 이하시 없음)
- 국민주택채권 매입비 : 대출금액 × 120% × 1% × 채권할인율","1. 고정금리일 경우 : 중도상환금액 × 2% × (대출잔여일수/대출기간)
2. 변동금리일 경우 : 중도상환금액 × 1.9% × (대출잔여일수/대출기간)
- 중도상환수수료 부과기간 최대 3년",0.1999,"약정금리+연3%가산
(최고 연 19.99%)",800000000,"1. 규제지역별 LTV한도 차등적용
- 투기지역 및 투기과열지구 최대 LTV 50%
- 조정대상지역 최대 LTV 50%
- 비규제지역 최대 LTV 70%
2. 최대 8억원",20240722,,0,아파트,만기일시상환방식,고정금리,8.06,8.86,8.46,주택담보대출
275,202407,13351,오케이저축은행,760403,OK모기지론,"영업점,모집인,전화(텔레뱅킹)","- 인지세 : 해당세액 × 50%(대출금액 5천만원 이하시 없음)
- 국민주택채권 매입비 : 대출금액 × 120% × 1% × 채권할인율","1. 고정금리일 경우 : 중도상환금액 × 2% × (대출잔여일수/대출기간)
2. 변동금리일 경우 : 중도상환금액 × 1.9% × (대출잔여일수/대출기간)
- 중도상환수수료 부과기간 최대 3년",0.1999,"약정금리+연3%가산
(최고 연 19.99%)",800000000,"1. 규제지역별 LTV한도 차등적용
- 투기지역 및 투기과열지구 최대 LTV 50%
- 조정대상지역 최대 LTV 50%
- 비규제지역 최대 LTV 70%
2. 최대 8억원",20240722,,0,아파트,분할상환방식,변동금리,7.11,7.91,7.39,주택담보대출
276,202407,13351,오케이저축은행,760403,OK모기지론,"영업점,모집인,전화(텔레뱅킹)","- 인지세 : 해당세액 × 50%(대출금액 5천만원 이하시 없음)
- 국민주택채권 매입비 : 대출금액 × 120% × 1% × 채권할인율","1. 고정금리일 경우 : 중도상환금액 × 2% × (대출잔여일수/대출기간)
2. 변동금리일 경우 : 중도상환금액 × 1.9% × (대출잔여일수/대출기간)
- 중도상환수수료 부과기간 최대 3년",0.1999,"약정금리+연3%가산
(최고 연 19.99%)",800000000,"1. 규제지역별 LTV한도 차등적용
- 투기지역 및 투기과열지구 최대 LTV 50%
- 조정대상지역 최대 LTV 50%
- 비규제지역 최대 LTV 70%
2. 최대 8억원",20240722,,0,아파트,만기일시상환방식,변동금리,7.31,8.11,7.71,주택담보대출
277,202407,13351,오케이저축은행,760403,OK모기지론,"영업점,모집인,전화(텔레뱅킹)","- 인지세 : 해당세액 × 50%(대출금액 5천만원 이하시 없음)
- 국민주택채권 매입비 : 대출금액 × 120% × 1% × 채권할인율","1. 고정금리일 경우 : 중도상환금액 × 2% × (대출잔여일수/대출기간)
2. 변동금리일 경우 : 중도상환금액 × 1.9% × (대출잔여일수/대출기간)
- 중도상환수수료 부과기간 최대 3년",0.1999,"약정금리+연3%가산
(최고 연 19.99%)",800000000,"1. 규제지역별 LTV한도 차등적용
- 투기지역 및 투기과열지구 최대 LTV 50%
- 조정대상지역 최대 LTV 50%
- 비규제지역 최대 LTV 70%
2. 최대 8억원",20240722,,1,아파트외,분할상환방식,고정금리,9.36,10.16,9.76,주택담보대출
278,202407,13351,오케이저축은행,760403,OK모기지론,"영업점,모집인,전화(텔레뱅킹)","- 인지세 : 해당세액 × 50%(대출금액 5천만원 이하시 없음)
- 국민주택채권 매입비 : 대출금액 × 120% × 1% × 채권할인율","1. 고정금리일 경우 : 중도상환금액 × 2% × (대출잔여일수/대출기간)
2. 변동금리일 경우 : 중도상환금액 × 1.9% × (대출잔여일수/대출기간)
- 중도상환수수료 부과기간 최대 3년",0.1999,"약정금리+연3%가산
(최고 연 19.99%)",800000000,"1. 규제지역별 LTV한도 차등적용
- 투기지역 및 투기과열지구 최대 LTV 50%
- 조정대상지역 최대 LTV 50%
- 비규제지역 최대 LTV 70%
2. 최대 8억원",20240722,,1,아파트외,만기일시상환방식,고정금리,9.56,10.36,9.96,주택담보대출
279,202407,13351,오케이저축은행,760403,OK모기지론,"영업점,모집인,전화(텔레뱅킹)","- 인지세 : 해당세액 × 50%(대출금액 5천만원 이하시 없음)
- 국민주택채권 매입비 : 대출금액 × 120% × 1% × 채권할인율","1. 고정금리일 경우 : 중도상환금액 × 2% × (대출잔여일수/대출기간)
2. 변동금리일 경우 : 중도상환금액 × 1.9% × (대출잔여일수/대출기간)
- 중도상환수수료 부과기간 최대 3년",0.1999,"약정금리+연3%가산
(최고 연 19.99%)",800000000,"1. 규제지역별 LTV한도 차등적용
- 투기지역 및 투기과열지구 최대 LTV 50%
- 조정대상지역 최대 LTV 50%
- 비규제지역 최대 LTV 70%
2. 최대 8억원",20240722,,1,아파트외,분할상환방식,변동금리,8.61,9.41,9.01,주택담보대출
280,202407,13351,오케이저축은행,760403,OK모기지론,"영업점,모집인,전화(텔레뱅킹)","- 인지세 : 해당세액 × 50%(대출금액 5천만원 이하시 없음)
- 국민주택채권 매입비 : 대출금액 × 120% × 1% × 채권할인율","1. 고정금리일 경우 : 중도상환금액 × 2% × (대출잔여일수/대출기간)
2. 변동금리일 경우 : 중도상환금액 × 1.9% × (대출잔여일수/대출기간)
- 중도상환수수료 부과기간 최대 3년",0.1999,"약정금리+연3%가산
(최고 연 19.99%)",800000000,"1. 규제지역별 LTV한도 차등적용
- 투기지역 및 투기과열지구 최대 LTV 50%
- 조정대상지역 최대 LTV 50%
- 비규제지역 최대 LTV 70%
2. 최대 8억원",20240722,,1,아파트외,만기일시상환방식,변동금리,8.81,9.61,9.21,주택담보대출
